product,period,forecast_type,adopted,method,value
Implanon,2023-07-01,Main,Service AI,Actual Consumption,34617
Implanon,2023-07-01,Main,Service AI,Service Excel,36377
Implanon,2023-07-01,Main,Service AI,Service AI,30486
Implanon,2023-07-01,Main,Service AI,Consumption Excel,32824
Implanon,2023-07-01,Main,Service AI,Consumption AI,29880
Implanon,2023-07-01,Main,Service AI,Demographic,23584
Implanon,2023-07-01,Main,Service AI,Consumption LMIS,NA
Implanon,2023-08-01,Main,Service AI,Actual Consumption,34754
Implanon,2023-08-01,Main,Service AI,Service Excel,36377
Implanon,2023-08-01,Main,Service AI,Service AI,31102
Implanon,2023-08-01,Main,Service AI,Consumption Excel,32824
Implanon,2023-08-01,Main,Service AI,Consumption AI,29944
Implanon,2023-08-01,Main,Service AI,Demographic,23584
Implanon,2023-08-01,Main,Service AI,Consumption LMIS,NA
Implanon,2023-09-01,Main,Service AI,Actual Consumption,28470
Implanon,2023-09-01,Main,Service AI,Service Excel,36377
Implanon,2023-09-01,Main,Service AI,Service AI,29557
Implanon,2023-09-01,Main,Service AI,Consumption Excel,32824
Implanon,2023-09-01,Main,Service AI,Consumption AI,29717
Implanon,2023-09-01,Main,Service AI,Demographic,23584
Implanon,2023-09-01,Main,Service AI,Consumption LMIS,NA
Implanon,2023-11-01,Main,Service AI,Actual Consumption,24382
Implanon,2023-11-01,Main,Service AI,Service Excel,36377
Implanon,2023-11-01,Main,Service AI,Service AI,31400
Implanon,2023-11-01,Main,Service AI,Consumption Excel,32824
Implanon,2023-11-01,Main,Service AI,Consumption AI,30186
Implanon,2023-11-01,Main,Service AI,Demographic,23584
Implanon,2023-11-01,Main,Service AI,Consumption LMIS,NA
Implanon,2023-10-01,Main,Service AI,Actual Consumption,25853
Implanon,2023-10-01,Main,Service AI,Service Excel,36377
Implanon,2023-10-01,Main,Service AI,Service AI,30286
Implanon,2023-10-01,Main,Service AI,Consumption Excel,32824
Implanon,2023-10-01,Main,Service AI,Consumption AI,29472
Implanon,2023-10-01,Main,Service AI,Demographic,23584
Implanon,2023-10-01,Main,Service AI,Consumption LMIS,NA
Implanon,2023-12-01,Main,Service AI,Actual Consumption,19385
Implanon,2023-12-01,Main,Service AI,Service Excel,36377
Implanon,2023-12-01,Main,Service AI,Service AI,30317
Implanon,2023-12-01,Main,Service AI,Consumption Excel,32824
Implanon,2023-12-01,Main,Service AI,Consumption AI,29685
Implanon,2023-12-01,Main,Service AI,Demographic,23584
Implanon,2023-12-01,Main,Service AI,Consumption LMIS,NA
Implanon,2024-01-01,Main,Service AI,Actual Consumption,19800
Implanon,2024-01-01,Main,Service AI,Service Excel,36377
Implanon,2024-01-01,Main,Service AI,Service AI,30122
Implanon,2024-01-01,Main,Service AI,Consumption Excel,32824
Implanon,2024-01-01,Main,Service AI,Consumption AI,30106
Implanon,2024-01-01,Main,Service AI,Demographic,23584
Implanon,2024-01-01,Main,Service AI,Consumption LMIS,NA
Implanon,2024-02-01,Main,Service AI,Actual Consumption,27260
Implanon,2024-02-01,Main,Service AI,Service Excel,36377
Implanon,2024-02-01,Main,Service AI,Service AI,29912
Implanon,2024-02-01,Main,Service AI,Consumption Excel,32824
Implanon,2024-02-01,Main,Service AI,Consumption AI,29814
Implanon,2024-02-01,Main,Service AI,Demographic,23584
Implanon,2024-02-01,Main,Service AI,Consumption LMIS,NA
Implanon,2024-03-01,Main,Service AI,Actual Consumption,32320
Implanon,2024-03-01,Main,Service AI,Service Excel,36377
Implanon,2024-03-01,Main,Service AI,Service AI,29932
Implanon,2024-03-01,Main,Service AI,Consumption Excel,32824
Implanon,2024-03-01,Main,Service AI,Consumption AI,29768
Implanon,2024-03-01,Main,Service AI,Demographic,23584
Implanon,2024-03-01,Main,Service AI,Consumption LMIS,NA
Implanon,2024-04-01,Main,Service AI,Actual Consumption,29470
Implanon,2024-04-01,Main,Service AI,Service Excel,36377
Implanon,2024-04-01,Main,Service AI,Service AI,29975
Implanon,2024-04-01,Main,Service AI,Consumption Excel,32824
Implanon,2024-04-01,Main,Service AI,Consumption AI,29501
Implanon,2024-04-01,Main,Service AI,Demographic,23584
Implanon,2024-04-01,Main,Service AI,Consumption LMIS,NA
Implanon,2024-05-01,Main,Service AI,Actual Consumption,32076
Implanon,2024-05-01,Main,Service AI,Service Excel,36377
Implanon,2024-05-01,Main,Service AI,Service AI,30073
Implanon,2024-05-01,Main,Service AI,Consumption Excel,32824
Implanon,2024-05-01,Main,Service AI,Consumption AI,29569
Implanon,2024-05-01,Main,Service AI,Demographic,23584
Implanon,2024-05-01,Main,Service AI,Consumption LMIS,NA
Implanon,2024-06-01,Main,Service AI,Actual Consumption,36060
Implanon,2024-06-01,Main,Service AI,Service Excel,36377
Implanon,2024-06-01,Main,Service AI,Service AI,29730
Implanon,2024-06-01,Main,Service AI,Consumption Excel,32824
Implanon,2024-06-01,Main,Service AI,Consumption AI,29107
Implanon,2024-06-01,Main,Service AI,Demographic,23584
Implanon,2024-06-01,Main,Service AI,Consumption LMIS,NA
Implanon,2024-07-01,Main,Consumption Excel,Actual Consumption,30691
Implanon,2024-07-01,Main,Consumption Excel,Service Excel,28505
Implanon,2024-07-01,Main,Consumption Excel,Service AI,33522
Implanon,2024-07-01,Main,Consumption Excel,Consumption Excel,34103
Implanon,2024-07-01,Main,Consumption Excel,Consumption AI,29073
Implanon,2024-07-01,Main,Consumption Excel,Demographic,28113
Implanon,2024-07-01,Main,Consumption Excel,Consumption LMIS,NA
Implanon,2024-08-01,Main,Consumption Excel,Actual Consumption,28193
Implanon,2024-08-01,Main,Consumption Excel,Service Excel,28505
Implanon,2024-08-01,Main,Consumption Excel,Service AI,33522
Implanon,2024-08-01,Main,Consumption Excel,Consumption Excel,34103
Implanon,2024-08-01,Main,Consumption Excel,Consumption AI,29073
Implanon,2024-08-01,Main,Consumption Excel,Demographic,28113
Implanon,2024-08-01,Main,Consumption Excel,Consumption LMIS,NA
Implanon,2024-09-01,Main,Consumption Excel,Actual Consumption,26130
Implanon,2024-09-01,Main,Consumption Excel,Service Excel,28505
Implanon,2024-09-01,Main,Consumption Excel,Service AI,33522
Implanon,2024-09-01,Main,Consumption Excel,Consumption Excel,34103
Implanon,2024-09-01,Main,Consumption Excel,Consumption AI,29073
Implanon,2024-09-01,Main,Consumption Excel,Demographic,28113
Implanon,2024-09-01,Main,Consumption Excel,Consumption LMIS,NA
Implanon,2024-10-01,Main,Consumption Excel,Actual Consumption,27074
Implanon,2024-10-01,Main,Consumption Excel,Service Excel,28505
Implanon,2024-10-01,Main,Consumption Excel,Service AI,33522
Implanon,2024-10-01,Main,Consumption Excel,Consumption Excel,34103
Implanon,2024-10-01,Main,Consumption Excel,Consumption AI,29073
Implanon,2024-10-01,Main,Consumption Excel,Demographic,28113
Implanon,2024-10-01,Main,Consumption Excel,Consumption LMIS,NA
Implanon,2024-11-01,Main,Consumption Excel,Actual Consumption,29744
Implanon,2024-11-01,Main,Consumption Excel,Service Excel,28505
Implanon,2024-11-01,Main,Consumption Excel,Service AI,33522
Implanon,2024-11-01,Main,Consumption Excel,Consumption Excel,34103
Implanon,2024-11-01,Main,Consumption Excel,Consumption AI,29073
Implanon,2024-11-01,Main,Consumption Excel,Demographic,28113
Implanon,2024-11-01,Main,Consumption Excel,Consumption LMIS,NA
Implanon,2024-12-01,Main,Consumption Excel,Actual Consumption,25247
Implanon,2024-12-01,Main,Consumption Excel,Service Excel,28505
Implanon,2024-12-01,Main,Consumption Excel,Service AI,33522
Implanon,2024-12-01,Main,Consumption Excel,Consumption Excel,34103
Implanon,2024-12-01,Main,Consumption Excel,Consumption AI,29073
Implanon,2024-12-01,Main,Consumption Excel,Demographic,28113
Implanon,2024-12-01,Main,Consumption Excel,Consumption LMIS,NA
Implanon,2025-01-01,Main,Consumption Excel,Actual Consumption,25682
Implanon,2025-01-01,Main,Consumption Excel,Service Excel,28505
Implanon,2025-01-01,Main,Consumption Excel,Service AI,33522
Implanon,2025-01-01,Main,Consumption Excel,Consumption Excel,34103
Implanon,2025-01-01,Main,Consumption Excel,Consumption AI,29073
Implanon,2025-01-01,Main,Consumption Excel,Demographic,28113
Implanon,2025-01-01,Main,Consumption Excel,Consumption LMIS,NA
Implanon,2025-02-01,Main,Consumption Excel,Actual Consumption,24780
Implanon,2025-02-01,Main,Consumption Excel,Service Excel,28505
Implanon,2025-02-01,Main,Consumption Excel,Service AI,33522
Implanon,2025-02-01,Main,Consumption Excel,Consumption Excel,34103
Implanon,2025-02-01,Main,Consumption Excel,Consumption AI,29073
Implanon,2025-02-01,Main,Consumption Excel,Demographic,28113
Implanon,2025-02-01,Main,Consumption Excel,Consumption LMIS,NA
Implanon,2025-03-01,Main,Consumption Excel,Actual Consumption,23977
Implanon,2025-03-01,Main,Consumption Excel,Service Excel,28505
Implanon,2025-03-01,Main,Consumption Excel,Service AI,33522
Implanon,2025-03-01,Main,Consumption Excel,Consumption Excel,34103
Implanon,2025-03-01,Main,Consumption Excel,Consumption AI,29073
Implanon,2025-03-01,Main,Consumption Excel,Demographic,28113
Implanon,2025-03-01,Main,Consumption Excel,Consumption LMIS,NA
Implanon,2025-04-01,Main,Consumption Excel,Actual Consumption,33025
Implanon,2025-04-01,Main,Consumption Excel,Service Excel,28505
Implanon,2025-04-01,Main,Consumption Excel,Service AI,33522
Implanon,2025-04-01,Main,Consumption Excel,Consumption Excel,34103
Implanon,2025-04-01,Main,Consumption Excel,Consumption AI,29073
Implanon,2025-04-01,Main,Consumption Excel,Demographic,28113
Implanon,2025-04-01,Main,Consumption Excel,Consumption LMIS,NA
Implanon,2025-05-01,Main,Consumption Excel,Actual Consumption,28804
Implanon,2025-05-01,Main,Consumption Excel,Service Excel,28505
Implanon,2025-05-01,Main,Consumption Excel,Service AI,33522
Implanon,2025-05-01,Main,Consumption Excel,Consumption Excel,34103
Implanon,2025-05-01,Main,Consumption Excel,Consumption AI,29073
Implanon,2025-05-01,Main,Consumption Excel,Demographic,28113
Implanon,2025-05-01,Main,Consumption Excel,Consumption LMIS,NA
Implanon,2025-06-01,Main,Consumption Excel,Actual Consumption,29200
Implanon,2025-06-01,Main,Consumption Excel,Service Excel,28505
Implanon,2025-06-01,Main,Consumption Excel,Service AI,33522
Implanon,2025-06-01,Main,Consumption Excel,Consumption Excel,34103
Implanon,2025-06-01,Main,Consumption Excel,Consumption AI,29073
Implanon,2025-06-01,Main,Consumption Excel,Demographic,28113
Implanon,2025-06-01,Main,Consumption Excel,Consumption LMIS,NA
Implanon,2024-07-01,Review,Service AI,Actual Consumption,30691
Implanon,2024-07-01,Review,Service AI,Service Excel,33141
Implanon,2024-07-01,Review,Service AI,Service AI,34103
Implanon,2024-07-01,Review,Service AI,Consumption Excel,27245
Implanon,2024-07-01,Review,Service AI,Consumption AI,29433
Implanon,2024-07-01,Review,Service AI,Demographic,10442
Implanon,2024-07-01,Review,Service AI,Consumption LMIS,NA
Implanon,2024-08-01,Review,Service AI,Actual Consumption,28193
Implanon,2024-08-01,Review,Service AI,Service Excel,33141
Implanon,2024-08-01,Review,Service AI,Service AI,34103
Implanon,2024-08-01,Review,Service AI,Consumption Excel,27245
Implanon,2024-08-01,Review,Service AI,Consumption AI,29433
Implanon,2024-08-01,Review,Service AI,Demographic,10442
Implanon,2024-08-01,Review,Service AI,Consumption LMIS,NA
Implanon,2024-09-01,Review,Service AI,Actual Consumption,26130
Implanon,2024-09-01,Review,Service AI,Service Excel,33141
Implanon,2024-09-01,Review,Service AI,Service AI,34103
Implanon,2024-09-01,Review,Service AI,Consumption Excel,27245
Implanon,2024-09-01,Review,Service AI,Consumption AI,29433
Implanon,2024-09-01,Review,Service AI,Demographic,10442
Implanon,2024-09-01,Review,Service AI,Consumption LMIS,NA
Implanon,2024-10-01,Review,Service AI,Actual Consumption,27074
Implanon,2024-10-01,Review,Service AI,Service Excel,33141
Implanon,2024-10-01,Review,Service AI,Service AI,34103
Implanon,2024-10-01,Review,Service AI,Consumption Excel,27245
Implanon,2024-10-01,Review,Service AI,Consumption AI,29433
Implanon,2024-10-01,Review,Service AI,Demographic,10442
Implanon,2024-10-01,Review,Service AI,Consumption LMIS,NA
Implanon,2024-11-01,Review,Service AI,Actual Consumption,29744
Implanon,2024-11-01,Review,Service AI,Service Excel,33141
Implanon,2024-11-01,Review,Service AI,Service AI,34103
Implanon,2024-11-01,Review,Service AI,Consumption Excel,27245
Implanon,2024-11-01,Review,Service AI,Consumption AI,29433
Implanon,2024-11-01,Review,Service AI,Demographic,10442
Implanon,2024-11-01,Review,Service AI,Consumption LMIS,NA
Implanon,2024-12-01,Review,Service AI,Actual Consumption,25247
Implanon,2024-12-01,Review,Service AI,Service Excel,33141
Implanon,2024-12-01,Review,Service AI,Service AI,34103
Implanon,2024-12-01,Review,Service AI,Consumption Excel,27245
Implanon,2024-12-01,Review,Service AI,Consumption AI,29433
Implanon,2024-12-01,Review,Service AI,Demographic,10442
Implanon,2024-12-01,Review,Service AI,Consumption LMIS,NA
Implanon,2025-01-01,Review,Service AI,Actual Consumption,25682
Implanon,2025-01-01,Review,Service AI,Service Excel,33141
Implanon,2025-01-01,Review,Service AI,Service AI,34103
Implanon,2025-01-01,Review,Service AI,Consumption Excel,27245
Implanon,2025-01-01,Review,Service AI,Consumption AI,29433
Implanon,2025-01-01,Review,Service AI,Demographic,10442
Implanon,2025-01-01,Review,Service AI,Consumption LMIS,NA
Implanon,2025-02-01,Review,Service AI,Actual Consumption,24780
Implanon,2025-02-01,Review,Service AI,Service Excel,33141
Implanon,2025-02-01,Review,Service AI,Service AI,34103
Implanon,2025-02-01,Review,Service AI,Consumption Excel,27245
Implanon,2025-02-01,Review,Service AI,Consumption AI,29433
Implanon,2025-02-01,Review,Service AI,Demographic,10442
Implanon,2025-02-01,Review,Service AI,Consumption LMIS,NA
Implanon,2025-03-01,Review,Service AI,Actual Consumption,23977
Implanon,2025-03-01,Review,Service AI,Service Excel,33141
Implanon,2025-03-01,Review,Service AI,Service AI,34103
Implanon,2025-03-01,Review,Service AI,Consumption Excel,27245
Implanon,2025-03-01,Review,Service AI,Consumption AI,29433
Implanon,2025-03-01,Review,Service AI,Demographic,10442
Implanon,2025-03-01,Review,Service AI,Consumption LMIS,NA
Implanon,2025-04-01,Review,Service AI,Actual Consumption,33025
Implanon,2025-04-01,Review,Service AI,Service Excel,33141
Implanon,2025-04-01,Review,Service AI,Service AI,34103
Implanon,2025-04-01,Review,Service AI,Consumption Excel,27245
Implanon,2025-04-01,Review,Service AI,Consumption AI,29433
Implanon,2025-04-01,Review,Service AI,Demographic,10442
Implanon,2025-04-01,Review,Service AI,Consumption LMIS,NA
Implanon,2025-05-01,Review,Service AI,Actual Consumption,28804
Implanon,2025-05-01,Review,Service AI,Service Excel,33141
Implanon,2025-05-01,Review,Service AI,Service AI,34103
Implanon,2025-05-01,Review,Service AI,Consumption Excel,27245
Implanon,2025-05-01,Review,Service AI,Consumption AI,29433
Implanon,2025-05-01,Review,Service AI,Demographic,10442
Implanon,2025-05-01,Review,Service AI,Consumption LMIS,NA
Implanon,2025-06-01,Review,Service AI,Actual Consumption,29200
Implanon,2025-06-01,Review,Service AI,Service Excel,33141
Implanon,2025-06-01,Review,Service AI,Service AI,34103
Implanon,2025-06-01,Review,Service AI,Consumption Excel,27245
Implanon,2025-06-01,Review,Service AI,Consumption AI,29433
Implanon,2025-06-01,Review,Service AI,Demographic,10442
Implanon,2025-06-01,Review,Service AI,Consumption LMIS,NA
Implanon,2025-07-01,Main,Service AI,Actual Consumption,45218
Implanon,2025-07-01,Main,Service AI,Service Excel,NA
Implanon,2025-07-01,Main,Service AI,Service AI,37527
Implanon,2025-07-01,Main,Service AI,Consumption Excel,NA
Implanon,2025-07-01,Main,Service AI,Consumption AI,30096
Implanon,2025-07-01,Main,Service AI,Demographic,15705
Implanon,2025-07-01,Main,Service AI,Consumption LMIS,39705
Implanon,2025-08-01,Main,Service AI,Actual Consumption,39904
Implanon,2025-08-01,Main,Service AI,Service Excel,NA
Implanon,2025-08-01,Main,Service AI,Service AI,36217
Implanon,2025-08-01,Main,Service AI,Consumption Excel,NA
Implanon,2025-08-01,Main,Service AI,Consumption AI,29123
Implanon,2025-08-01,Main,Service AI,Demographic,15705
Implanon,2025-08-01,Main,Service AI,Consumption LMIS,39705
Implanon,2025-09-01,Main,Service AI,Actual Consumption,42299
Implanon,2025-09-01,Main,Service AI,Service Excel,NA
Implanon,2025-09-01,Main,Service AI,Service AI,34626
Implanon,2025-09-01,Main,Service AI,Consumption Excel,NA
Implanon,2025-09-01,Main,Service AI,Consumption AI,27561
Implanon,2025-09-01,Main,Service AI,Demographic,15705
Implanon,2025-09-01,Main,Service AI,Consumption LMIS,39705
Implanon,2025-10-01,Main,Service AI,Actual Consumption,36821
Implanon,2025-10-01,Main,Service AI,Service Excel,NA
Implanon,2025-10-01,Main,Service AI,Service AI,34931
Implanon,2025-10-01,Main,Service AI,Consumption Excel,NA
Implanon,2025-10-01,Main,Service AI,Consumption AI,26686
Implanon,2025-10-01,Main,Service AI,Demographic,15705
Implanon,2025-10-01,Main,Service AI,Consumption LMIS,39705
Implanon,2025-11-01,Main,Service AI,Actual Consumption,37405
Implanon,2025-11-01,Main,Service AI,Service Excel,NA
Implanon,2025-11-01,Main,Service AI,Service AI,35509
Implanon,2025-11-01,Main,Service AI,Consumption Excel,NA
Implanon,2025-11-01,Main,Service AI,Consumption AI,26350
Implanon,2025-11-01,Main,Service AI,Demographic,15705
Implanon,2025-11-01,Main,Service AI,Consumption LMIS,39705
Implanon,2025-12-01,Main,Service AI,Actual Consumption,34268
Implanon,2025-12-01,Main,Service AI,Service Excel,NA
Implanon,2025-12-01,Main,Service AI,Service AI,32651
Implanon,2025-12-01,Main,Service AI,Consumption Excel,NA
Implanon,2025-12-01,Main,Service AI,Consumption AI,24450
Implanon,2025-12-01,Main,Service AI,Demographic,15705
Implanon,2025-12-01,Main,Service AI,Consumption LMIS,39705
Implanon,2026-01-01,Main,Service AI,Actual Consumption,33518
Implanon,2026-01-01,Main,Service AI,Service Excel,NA
Implanon,2026-01-01,Main,Service AI,Service AI,34687
Implanon,2026-01-01,Main,Service AI,Consumption Excel,NA
Implanon,2026-01-01,Main,Service AI,Consumption AI,27108
Implanon,2026-01-01,Main,Service AI,Demographic,15705
Implanon,2026-01-01,Main,Service AI,Consumption LMIS,39705
Implanon,2026-02-01,Main,Service AI,Actual Consumption,36042
Implanon,2026-02-01,Main,Service AI,Service Excel,NA
Implanon,2026-02-01,Main,Service AI,Service AI,33827
Implanon,2026-02-01,Main,Service AI,Consumption Excel,NA
Implanon,2026-02-01,Main,Service AI,Consumption AI,27005
Implanon,2026-02-01,Main,Service AI,Demographic,15705
Implanon,2026-02-01,Main,Service AI,Consumption LMIS,39705
Implanon,2026-03-01,Main,Service AI,Actual Consumption,36543
Implanon,2026-03-01,Main,Service AI,Service Excel,NA
Implanon,2026-03-01,Main,Service AI,Service AI,34897.6666666667
Implanon,2026-03-01,Main,Service AI,Consumption Excel,NA
Implanon,2026-03-01,Main,Service AI,Consumption AI,28358
Implanon,2026-03-01,Main,Service AI,Demographic,15705
Implanon,2026-03-01,Main,Service AI,Consumption LMIS,39705
Implanon,2026-04-01,Main,Service AI,Actual Consumption,32432
Implanon,2026-04-01,Main,Service AI,Service Excel,NA
Implanon,2026-04-01,Main,Service AI,Service AI,35485.6666666667
Implanon,2026-04-01,Main,Service AI,Consumption Excel,NA
Implanon,2026-04-01,Main,Service AI,Consumption AI,29574
Implanon,2026-04-01,Main,Service AI,Demographic,15705
Implanon,2026-04-01,Main,Service AI,Consumption LMIS,39705
Implanon,2026-05-01,Main,Service AI,Actual Consumption,29095
Implanon,2026-05-01,Main,Service AI,Service Excel,NA
Implanon,2026-05-01,Main,Service AI,Service AI,36073.6666666667
Implanon,2026-05-01,Main,Service AI,Consumption Excel,NA
Implanon,2026-05-01,Main,Service AI,Consumption AI,29904
Implanon,2026-05-01,Main,Service AI,Demographic,15705
Implanon,2026-05-01,Main,Service AI,Consumption LMIS,39705
Implanon,2026-06-01,Main,Service AI,Actual Consumption,29470
Implanon,2026-06-01,Main,Service AI,Service Excel,NA
Implanon,2026-06-01,Main,Service AI,Service AI,36661.6666666667
Implanon,2026-06-01,Main,Service AI,Consumption Excel,NA
Implanon,2026-06-01,Main,Service AI,Consumption AI,30716
Implanon,2026-06-01,Main,Service AI,Demographic,15705
Implanon,2026-06-01,Main,Service AI,Consumption LMIS,39705
EC Pills,2023-07-01,Main,Demographic,Actual Consumption,6531
EC Pills,2023-07-01,Main,Demographic,Service Excel,4224
EC Pills,2023-07-01,Main,Demographic,Service AI,5353
EC Pills,2023-07-01,Main,Demographic,Consumption Excel,3424
EC Pills,2023-07-01,Main,Demographic,Consumption AI,4041
EC Pills,2023-07-01,Main,Demographic,Demographic,97281
EC Pills,2023-07-01,Main,Demographic,Consumption LMIS,NA
EC Pills,2023-08-01,Main,Demographic,Actual Consumption,5315
EC Pills,2023-08-01,Main,Demographic,Service Excel,4224
EC Pills,2023-08-01,Main,Demographic,Service AI,5353
EC Pills,2023-08-01,Main,Demographic,Consumption Excel,3424
EC Pills,2023-08-01,Main,Demographic,Consumption AI,4006
EC Pills,2023-08-01,Main,Demographic,Demographic,97281
EC Pills,2023-08-01,Main,Demographic,Consumption LMIS,NA
EC Pills,2023-09-01,Main,Demographic,Actual Consumption,5300
EC Pills,2023-09-01,Main,Demographic,Service Excel,4224
EC Pills,2023-09-01,Main,Demographic,Service AI,5353
EC Pills,2023-09-01,Main,Demographic,Consumption Excel,3424
EC Pills,2023-09-01,Main,Demographic,Consumption AI,4000
EC Pills,2023-09-01,Main,Demographic,Demographic,97281
EC Pills,2023-09-01,Main,Demographic,Consumption LMIS,NA
EC Pills,2023-10-01,Main,Demographic,Actual Consumption,5526
EC Pills,2023-10-01,Main,Demographic,Service Excel,4224
EC Pills,2023-10-01,Main,Demographic,Service AI,5353
EC Pills,2023-10-01,Main,Demographic,Consumption Excel,3424
EC Pills,2023-10-01,Main,Demographic,Consumption AI,4028
EC Pills,2023-10-01,Main,Demographic,Demographic,97281
EC Pills,2023-10-01,Main,Demographic,Consumption LMIS,NA
EC Pills,2023-11-01,Main,Demographic,Actual Consumption,5378
EC Pills,2023-11-01,Main,Demographic,Service Excel,4224
EC Pills,2023-11-01,Main,Demographic,Service AI,5353
EC Pills,2023-11-01,Main,Demographic,Consumption Excel,3424
EC Pills,2023-11-01,Main,Demographic,Consumption AI,4049
EC Pills,2023-11-01,Main,Demographic,Demographic,97281
EC Pills,2023-11-01,Main,Demographic,Consumption LMIS,NA
EC Pills,2023-12-01,Main,Demographic,Actual Consumption,5821
EC Pills,2023-12-01,Main,Demographic,Service Excel,4224
EC Pills,2023-12-01,Main,Demographic,Service AI,5353
EC Pills,2023-12-01,Main,Demographic,Consumption Excel,3424
EC Pills,2023-12-01,Main,Demographic,Consumption AI,4037
EC Pills,2023-12-01,Main,Demographic,Demographic,97281
EC Pills,2023-12-01,Main,Demographic,Consumption LMIS,NA
EC Pills,2024-01-01,Main,Demographic,Actual Consumption,6002
EC Pills,2024-01-01,Main,Demographic,Service Excel,4224
EC Pills,2024-01-01,Main,Demographic,Service AI,5353
EC Pills,2024-01-01,Main,Demographic,Consumption Excel,3424
EC Pills,2024-01-01,Main,Demographic,Consumption AI,3982
EC Pills,2024-01-01,Main,Demographic,Demographic,97281
EC Pills,2024-01-01,Main,Demographic,Consumption LMIS,NA
EC Pills,2024-02-01,Main,Demographic,Actual Consumption,5987
EC Pills,2024-02-01,Main,Demographic,Service Excel,4224
EC Pills,2024-02-01,Main,Demographic,Service AI,5353
EC Pills,2024-02-01,Main,Demographic,Consumption Excel,3424
EC Pills,2024-02-01,Main,Demographic,Consumption AI,4004
EC Pills,2024-02-01,Main,Demographic,Demographic,97281
EC Pills,2024-02-01,Main,Demographic,Consumption LMIS,NA
EC Pills,2024-03-01,Main,Demographic,Actual Consumption,6629
EC Pills,2024-03-01,Main,Demographic,Service Excel,4224
EC Pills,2024-03-01,Main,Demographic,Service AI,5353
EC Pills,2024-03-01,Main,Demographic,Consumption Excel,3424
EC Pills,2024-03-01,Main,Demographic,Consumption AI,3967
EC Pills,2024-03-01,Main,Demographic,Demographic,97281
EC Pills,2024-03-01,Main,Demographic,Consumption LMIS,NA
EC Pills,2024-04-01,Main,Demographic,Actual Consumption,6441
EC Pills,2024-04-01,Main,Demographic,Service Excel,4224
EC Pills,2024-04-01,Main,Demographic,Service AI,5353
EC Pills,2024-04-01,Main,Demographic,Consumption Excel,3424
EC Pills,2024-04-01,Main,Demographic,Consumption AI,4013
EC Pills,2024-04-01,Main,Demographic,Demographic,97281
EC Pills,2024-04-01,Main,Demographic,Consumption LMIS,NA
EC Pills,2024-05-01,Main,Demographic,Actual Consumption,6517
EC Pills,2024-05-01,Main,Demographic,Service Excel,4224
EC Pills,2024-05-01,Main,Demographic,Service AI,5353
EC Pills,2024-05-01,Main,Demographic,Consumption Excel,3424
EC Pills,2024-05-01,Main,Demographic,Consumption AI,4013
EC Pills,2024-05-01,Main,Demographic,Demographic,97281
EC Pills,2024-05-01,Main,Demographic,Consumption LMIS,NA
EC Pills,2024-06-01,Main,Demographic,Actual Consumption,6835
EC Pills,2024-06-01,Main,Demographic,Service Excel,4224
EC Pills,2024-06-01,Main,Demographic,Service AI,5353
EC Pills,2024-06-01,Main,Demographic,Consumption Excel,3424
EC Pills,2024-06-01,Main,Demographic,Consumption AI,3980
EC Pills,2024-06-01,Main,Demographic,Demographic,97281
EC Pills,2024-06-01,Main,Demographic,Consumption LMIS,NA
EC Pills,2024-07-01,Main,Demographic,Actual Consumption,7719
EC Pills,2024-07-01,Main,Demographic,Service Excel,5635
EC Pills,2024-07-01,Main,Demographic,Service AI,5407
EC Pills,2024-07-01,Main,Demographic,Consumption Excel,4502
EC Pills,2024-07-01,Main,Demographic,Consumption AI,7370
EC Pills,2024-07-01,Main,Demographic,Demographic,3405
EC Pills,2024-07-01,Main,Demographic,Consumption LMIS,NA
EC Pills,2024-08-01,Main,Demographic,Actual Consumption,7690
EC Pills,2024-08-01,Main,Demographic,Service Excel,5635
EC Pills,2024-08-01,Main,Demographic,Service AI,5407
EC Pills,2024-08-01,Main,Demographic,Consumption Excel,4502
EC Pills,2024-08-01,Main,Demographic,Consumption AI,7370
EC Pills,2024-08-01,Main,Demographic,Demographic,3405
EC Pills,2024-08-01,Main,Demographic,Consumption LMIS,NA
EC Pills,2024-09-01,Main,Demographic,Actual Consumption,7086
EC Pills,2024-09-01,Main,Demographic,Service Excel,5635
EC Pills,2024-09-01,Main,Demographic,Service AI,5407
EC Pills,2024-09-01,Main,Demographic,Consumption Excel,4502
EC Pills,2024-09-01,Main,Demographic,Consumption AI,7370
EC Pills,2024-09-01,Main,Demographic,Demographic,3405
EC Pills,2024-09-01,Main,Demographic,Consumption LMIS,NA
EC Pills,2024-10-01,Main,Demographic,Actual Consumption,7822
EC Pills,2024-10-01,Main,Demographic,Service Excel,5635
EC Pills,2024-10-01,Main,Demographic,Service AI,5407
EC Pills,2024-10-01,Main,Demographic,Consumption Excel,4502
EC Pills,2024-10-01,Main,Demographic,Consumption AI,7370
EC Pills,2024-10-01,Main,Demographic,Demographic,3405
EC Pills,2024-10-01,Main,Demographic,Consumption LMIS,NA
EC Pills,2024-11-01,Main,Demographic,Actual Consumption,7025
EC Pills,2024-11-01,Main,Demographic,Service Excel,5635
EC Pills,2024-11-01,Main,Demographic,Service AI,5407
EC Pills,2024-11-01,Main,Demographic,Consumption Excel,4502
EC Pills,2024-11-01,Main,Demographic,Consumption AI,7370
EC Pills,2024-11-01,Main,Demographic,Demographic,3405
EC Pills,2024-11-01,Main,Demographic,Consumption LMIS,NA
EC Pills,2024-12-01,Main,Demographic,Actual Consumption,7160
EC Pills,2024-12-01,Main,Demographic,Service Excel,5635
EC Pills,2024-12-01,Main,Demographic,Service AI,5407
EC Pills,2024-12-01,Main,Demographic,Consumption Excel,4502
EC Pills,2024-12-01,Main,Demographic,Consumption AI,7370
EC Pills,2024-12-01,Main,Demographic,Demographic,3405
EC Pills,2024-12-01,Main,Demographic,Consumption LMIS,NA
EC Pills,2025-01-01,Main,Demographic,Actual Consumption,7059
EC Pills,2025-01-01,Main,Demographic,Service Excel,5635
EC Pills,2025-01-01,Main,Demographic,Service AI,5407
EC Pills,2025-01-01,Main,Demographic,Consumption Excel,4502
EC Pills,2025-01-01,Main,Demographic,Consumption AI,7370
EC Pills,2025-01-01,Main,Demographic,Demographic,3405
EC Pills,2025-01-01,Main,Demographic,Consumption LMIS,NA
EC Pills,2025-02-01,Main,Demographic,Actual Consumption,5941
EC Pills,2025-02-01,Main,Demographic,Service Excel,5635
EC Pills,2025-02-01,Main,Demographic,Service AI,5407
EC Pills,2025-02-01,Main,Demographic,Consumption Excel,4502
EC Pills,2025-02-01,Main,Demographic,Consumption AI,7370
EC Pills,2025-02-01,Main,Demographic,Demographic,3405
EC Pills,2025-02-01,Main,Demographic,Consumption LMIS,NA
EC Pills,2025-03-01,Main,Demographic,Actual Consumption,5922
EC Pills,2025-03-01,Main,Demographic,Service Excel,5635
EC Pills,2025-03-01,Main,Demographic,Service AI,5407
EC Pills,2025-03-01,Main,Demographic,Consumption Excel,4502
EC Pills,2025-03-01,Main,Demographic,Consumption AI,7370
EC Pills,2025-03-01,Main,Demographic,Demographic,3405
EC Pills,2025-03-01,Main,Demographic,Consumption LMIS,NA
EC Pills,2025-04-01,Main,Demographic,Actual Consumption,6689
EC Pills,2025-04-01,Main,Demographic,Service Excel,5635
EC Pills,2025-04-01,Main,Demographic,Service AI,5407
EC Pills,2025-04-01,Main,Demographic,Consumption Excel,4502
EC Pills,2025-04-01,Main,Demographic,Consumption AI,7370
EC Pills,2025-04-01,Main,Demographic,Demographic,3405
EC Pills,2025-04-01,Main,Demographic,Consumption LMIS,NA
EC Pills,2025-05-01,Main,Demographic,Actual Consumption,6293
EC Pills,2025-05-01,Main,Demographic,Service Excel,5635
EC Pills,2025-05-01,Main,Demographic,Service AI,5407
EC Pills,2025-05-01,Main,Demographic,Consumption Excel,4502
EC Pills,2025-05-01,Main,Demographic,Consumption AI,7370
EC Pills,2025-05-01,Main,Demographic,Demographic,3405
EC Pills,2025-05-01,Main,Demographic,Consumption LMIS,NA
EC Pills,2025-06-01,Main,Demographic,Actual Consumption,6177
EC Pills,2025-06-01,Main,Demographic,Service Excel,5635
EC Pills,2025-06-01,Main,Demographic,Service AI,5407
EC Pills,2025-06-01,Main,Demographic,Consumption Excel,4502
EC Pills,2025-06-01,Main,Demographic,Consumption AI,7370
EC Pills,2025-06-01,Main,Demographic,Demographic,3405
EC Pills,2025-06-01,Main,Demographic,Consumption LMIS,NA
EC Pills,2024-07-01,Review,Consumption AI,Actual Consumption,7719
EC Pills,2024-07-01,Review,Consumption AI,Service Excel,10166
EC Pills,2024-07-01,Review,Consumption AI,Service AI,3405
EC Pills,2024-07-01,Review,Consumption AI,Consumption Excel,6601
EC Pills,2024-07-01,Review,Consumption AI,Consumption AI,6547
EC Pills,2024-07-01,Review,Consumption AI,Demographic,3268
EC Pills,2024-07-01,Review,Consumption AI,Consumption LMIS,NA
EC Pills,2024-08-01,Review,Consumption AI,Actual Consumption,7690
EC Pills,2024-08-01,Review,Consumption AI,Service Excel,10166
EC Pills,2024-08-01,Review,Consumption AI,Service AI,3405
EC Pills,2024-08-01,Review,Consumption AI,Consumption Excel,6601
EC Pills,2024-08-01,Review,Consumption AI,Consumption AI,6547
EC Pills,2024-08-01,Review,Consumption AI,Demographic,3268
EC Pills,2024-08-01,Review,Consumption AI,Consumption LMIS,NA
EC Pills,2024-09-01,Review,Consumption AI,Actual Consumption,7086
EC Pills,2024-09-01,Review,Consumption AI,Service Excel,10166
EC Pills,2024-09-01,Review,Consumption AI,Service AI,3405
EC Pills,2024-09-01,Review,Consumption AI,Consumption Excel,6601
EC Pills,2024-09-01,Review,Consumption AI,Consumption AI,6547
EC Pills,2024-09-01,Review,Consumption AI,Demographic,3268
EC Pills,2024-09-01,Review,Consumption AI,Consumption LMIS,NA
EC Pills,2024-10-01,Review,Consumption AI,Actual Consumption,7822
EC Pills,2024-10-01,Review,Consumption AI,Service Excel,10166
EC Pills,2024-10-01,Review,Consumption AI,Service AI,3405
EC Pills,2024-10-01,Review,Consumption AI,Consumption Excel,6601
EC Pills,2024-10-01,Review,Consumption AI,Consumption AI,6547
EC Pills,2024-10-01,Review,Consumption AI,Demographic,3268
EC Pills,2024-10-01,Review,Consumption AI,Consumption LMIS,NA
EC Pills,2024-11-01,Review,Consumption AI,Actual Consumption,7025
EC Pills,2024-11-01,Review,Consumption AI,Service Excel,10166
EC Pills,2024-11-01,Review,Consumption AI,Service AI,3405
EC Pills,2024-11-01,Review,Consumption AI,Consumption Excel,6601
EC Pills,2024-11-01,Review,Consumption AI,Consumption AI,6547
EC Pills,2024-11-01,Review,Consumption AI,Demographic,3268
EC Pills,2024-11-01,Review,Consumption AI,Consumption LMIS,NA
EC Pills,2024-12-01,Review,Consumption AI,Actual Consumption,7160
EC Pills,2024-12-01,Review,Consumption AI,Service Excel,10166
EC Pills,2024-12-01,Review,Consumption AI,Service AI,3405
EC Pills,2024-12-01,Review,Consumption AI,Consumption Excel,6601
EC Pills,2024-12-01,Review,Consumption AI,Consumption AI,6547
EC Pills,2024-12-01,Review,Consumption AI,Demographic,3268
EC Pills,2024-12-01,Review,Consumption AI,Consumption LMIS,NA
EC Pills,2025-01-01,Review,Consumption AI,Actual Consumption,7059
EC Pills,2025-01-01,Review,Consumption AI,Service Excel,10166
EC Pills,2025-01-01,Review,Consumption AI,Service AI,3405
EC Pills,2025-01-01,Review,Consumption AI,Consumption Excel,6601
EC Pills,2025-01-01,Review,Consumption AI,Consumption AI,6547
EC Pills,2025-01-01,Review,Consumption AI,Demographic,3268
EC Pills,2025-01-01,Review,Consumption AI,Consumption LMIS,NA
EC Pills,2025-02-01,Review,Consumption AI,Actual Consumption,5941
EC Pills,2025-02-01,Review,Consumption AI,Service Excel,10166
EC Pills,2025-02-01,Review,Consumption AI,Service AI,3405
EC Pills,2025-02-01,Review,Consumption AI,Consumption Excel,6601
EC Pills,2025-02-01,Review,Consumption AI,Consumption AI,6547
EC Pills,2025-02-01,Review,Consumption AI,Demographic,3268
EC Pills,2025-02-01,Review,Consumption AI,Consumption LMIS,NA
EC Pills,2025-03-01,Review,Consumption AI,Actual Consumption,5922
EC Pills,2025-03-01,Review,Consumption AI,Service Excel,10166
EC Pills,2025-03-01,Review,Consumption AI,Service AI,3405
EC Pills,2025-03-01,Review,Consumption AI,Consumption Excel,6601
EC Pills,2025-03-01,Review,Consumption AI,Consumption AI,6547
EC Pills,2025-03-01,Review,Consumption AI,Demographic,3268
EC Pills,2025-03-01,Review,Consumption AI,Consumption LMIS,NA
EC Pills,2025-04-01,Review,Consumption AI,Actual Consumption,6689
EC Pills,2025-04-01,Review,Consumption AI,Service Excel,10166
EC Pills,2025-04-01,Review,Consumption AI,Service AI,3405
EC Pills,2025-04-01,Review,Consumption AI,Consumption Excel,6601
EC Pills,2025-04-01,Review,Consumption AI,Consumption AI,6547
EC Pills,2025-04-01,Review,Consumption AI,Demographic,3268
EC Pills,2025-04-01,Review,Consumption AI,Consumption LMIS,NA
EC Pills,2025-05-01,Review,Consumption AI,Actual Consumption,6293
EC Pills,2025-05-01,Review,Consumption AI,Service Excel,10166
EC Pills,2025-05-01,Review,Consumption AI,Service AI,3405
EC Pills,2025-05-01,Review,Consumption AI,Consumption Excel,6601
EC Pills,2025-05-01,Review,Consumption AI,Consumption AI,6547
EC Pills,2025-05-01,Review,Consumption AI,Demographic,3268
EC Pills,2025-05-01,Review,Consumption AI,Consumption LMIS,NA
EC Pills,2025-06-01,Review,Consumption AI,Actual Consumption,6177
EC Pills,2025-06-01,Review,Consumption AI,Service Excel,10166
EC Pills,2025-06-01,Review,Consumption AI,Service AI,3405
EC Pills,2025-06-01,Review,Consumption AI,Consumption Excel,6601
EC Pills,2025-06-01,Review,Consumption AI,Consumption AI,6547
EC Pills,2025-06-01,Review,Consumption AI,Demographic,3268
EC Pills,2025-06-01,Review,Consumption AI,Consumption LMIS,NA
EC Pills,2025-07-01,Main,Service AI,Actual Consumption,5877
EC Pills,2025-07-01,Main,Service AI,Service Excel,NA
EC Pills,2025-07-01,Main,Service AI,Service AI,11131
EC Pills,2025-07-01,Main,Service AI,Consumption Excel,NA
EC Pills,2025-07-01,Main,Service AI,Consumption AI,7256
EC Pills,2025-07-01,Main,Service AI,Demographic,6056.5
EC Pills,2025-07-01,Main,Service AI,Consumption LMIS,10311
EC Pills,2025-08-01,Main,Service AI,Actual Consumption,5928
EC Pills,2025-08-01,Main,Service AI,Service Excel,NA
EC Pills,2025-08-01,Main,Service AI,Service AI,11394
EC Pills,2025-08-01,Main,Service AI,Consumption Excel,NA
EC Pills,2025-08-01,Main,Service AI,Consumption AI,7140
EC Pills,2025-08-01,Main,Service AI,Demographic,6056.5
EC Pills,2025-08-01,Main,Service AI,Consumption LMIS,10311
EC Pills,2025-09-01,Main,Service AI,Actual Consumption,5544
EC Pills,2025-09-01,Main,Service AI,Service Excel,NA
EC Pills,2025-09-01,Main,Service AI,Service AI,11131
EC Pills,2025-09-01,Main,Service AI,Consumption Excel,NA
EC Pills,2025-09-01,Main,Service AI,Consumption AI,6957
EC Pills,2025-09-01,Main,Service AI,Demographic,6056.5
EC Pills,2025-09-01,Main,Service AI,Consumption LMIS,10311
EC Pills,2025-10-01,Main,Service AI,Actual Consumption,5311
EC Pills,2025-10-01,Main,Service AI,Service Excel,NA
EC Pills,2025-10-01,Main,Service AI,Service AI,11131
EC Pills,2025-10-01,Main,Service AI,Consumption Excel,NA
EC Pills,2025-10-01,Main,Service AI,Consumption AI,7148
EC Pills,2025-10-01,Main,Service AI,Demographic,6056.5
EC Pills,2025-10-01,Main,Service AI,Consumption LMIS,10311
EC Pills,2025-11-01,Main,Service AI,Actual Consumption,5337
EC Pills,2025-11-01,Main,Service AI,Service Excel,NA
EC Pills,2025-11-01,Main,Service AI,Service AI,11229
EC Pills,2025-11-01,Main,Service AI,Consumption Excel,NA
EC Pills,2025-11-01,Main,Service AI,Consumption AI,6921
EC Pills,2025-11-01,Main,Service AI,Demographic,6056.5
EC Pills,2025-11-01,Main,Service AI,Consumption LMIS,10311
EC Pills,2025-12-01,Main,Service AI,Actual Consumption,5520
EC Pills,2025-12-01,Main,Service AI,Service Excel,NA
EC Pills,2025-12-01,Main,Service AI,Service AI,11131
EC Pills,2025-12-01,Main,Service AI,Consumption Excel,NA
EC Pills,2025-12-01,Main,Service AI,Consumption AI,7014
EC Pills,2025-12-01,Main,Service AI,Demographic,6056.5
EC Pills,2025-12-01,Main,Service AI,Consumption LMIS,10311
EC Pills,2026-01-01,Main,Service AI,Actual Consumption,5156
EC Pills,2026-01-01,Main,Service AI,Service Excel,NA
EC Pills,2026-01-01,Main,Service AI,Service AI,11005
EC Pills,2026-01-01,Main,Service AI,Consumption Excel,NA
EC Pills,2026-01-01,Main,Service AI,Consumption AI,6389
EC Pills,2026-01-01,Main,Service AI,Demographic,6056.5
EC Pills,2026-01-01,Main,Service AI,Consumption LMIS,10311
EC Pills,2026-02-01,Main,Service AI,Actual Consumption,5431
EC Pills,2026-02-01,Main,Service AI,Service Excel,NA
EC Pills,2026-02-01,Main,Service AI,Service AI,10771
EC Pills,2026-02-01,Main,Service AI,Consumption Excel,NA
EC Pills,2026-02-01,Main,Service AI,Consumption AI,6136
EC Pills,2026-02-01,Main,Service AI,Demographic,6056.5
EC Pills,2026-02-01,Main,Service AI,Consumption LMIS,10311
EC Pills,2026-03-01,Main,Service AI,Actual Consumption,4104
EC Pills,2026-03-01,Main,Service AI,Service Excel,NA
EC Pills,2026-03-01,Main,Service AI,Service AI,10881
EC Pills,2026-03-01,Main,Service AI,Consumption Excel,NA
EC Pills,2026-03-01,Main,Service AI,Consumption AI,6287
EC Pills,2026-03-01,Main,Service AI,Demographic,6056.5
EC Pills,2026-03-01,Main,Service AI,Consumption LMIS,10311
EC Pills,2026-04-01,Main,Service AI,Actual Consumption,3441
EC Pills,2026-04-01,Main,Service AI,Service Excel,NA
EC Pills,2026-04-01,Main,Service AI,Service AI,10925
EC Pills,2026-04-01,Main,Service AI,Consumption Excel,NA
EC Pills,2026-04-01,Main,Service AI,Consumption AI,6537
EC Pills,2026-04-01,Main,Service AI,Demographic,6056.5
EC Pills,2026-04-01,Main,Service AI,Consumption LMIS,10311
EC Pills,2026-05-01,Main,Service AI,Actual Consumption,3481
EC Pills,2026-05-01,Main,Service AI,Service Excel,NA
EC Pills,2026-05-01,Main,Service AI,Service AI,10865
EC Pills,2026-05-01,Main,Service AI,Consumption Excel,NA
EC Pills,2026-05-01,Main,Service AI,Consumption AI,6321
EC Pills,2026-05-01,Main,Service AI,Demographic,6056.5
EC Pills,2026-05-01,Main,Service AI,Consumption LMIS,10311
EC Pills,2026-06-01,Main,Service AI,Actual Consumption,3701
EC Pills,2026-06-01,Main,Service AI,Service Excel,NA
EC Pills,2026-06-01,Main,Service AI,Service AI,10954
EC Pills,2026-06-01,Main,Service AI,Consumption Excel,NA
EC Pills,2026-06-01,Main,Service AI,Consumption AI,6293
EC Pills,2026-06-01,Main,Service AI,Demographic,6056.5
EC Pills,2026-06-01,Main,Service AI,Consumption LMIS,10311
COCs,2023-07-01,Main,Consumption AI,Actual Consumption,98333
COCs,2023-07-01,Main,Consumption AI,Service Excel,130776
COCs,2023-07-01,Main,Consumption AI,Service AI,140976
COCs,2023-07-01,Main,Consumption AI,Consumption Excel,146879
COCs,2023-07-01,Main,Consumption AI,Consumption AI,138188
COCs,2023-07-01,Main,Consumption AI,Demographic,385017
COCs,2023-07-01,Main,Consumption AI,Consumption LMIS,NA
COCs,2023-08-01,Main,Consumption AI,Actual Consumption,108632
COCs,2023-08-01,Main,Consumption AI,Service Excel,130776
COCs,2023-08-01,Main,Consumption AI,Service AI,142292
COCs,2023-08-01,Main,Consumption AI,Consumption Excel,146879
COCs,2023-08-01,Main,Consumption AI,Consumption AI,159669
COCs,2023-08-01,Main,Consumption AI,Demographic,385017
COCs,2023-08-01,Main,Consumption AI,Consumption LMIS,NA
COCs,2023-09-01,Main,Consumption AI,Actual Consumption,102115
COCs,2023-09-01,Main,Consumption AI,Service Excel,130776
COCs,2023-09-01,Main,Consumption AI,Service AI,141468
COCs,2023-09-01,Main,Consumption AI,Consumption Excel,146879
COCs,2023-09-01,Main,Consumption AI,Consumption AI,124859
COCs,2023-09-01,Main,Consumption AI,Demographic,385017
COCs,2023-09-01,Main,Consumption AI,Consumption LMIS,NA
COCs,2023-10-01,Main,Consumption AI,Actual Consumption,100006
COCs,2023-10-01,Main,Consumption AI,Service Excel,130776
COCs,2023-10-01,Main,Consumption AI,Service AI,141350
COCs,2023-10-01,Main,Consumption AI,Consumption Excel,146879
COCs,2023-10-01,Main,Consumption AI,Consumption AI,125506
COCs,2023-10-01,Main,Consumption AI,Demographic,385017
COCs,2023-10-01,Main,Consumption AI,Consumption LMIS,NA
COCs,2023-11-01,Main,Consumption AI,Actual Consumption,103295
COCs,2023-11-01,Main,Consumption AI,Service Excel,130776
COCs,2023-11-01,Main,Consumption AI,Service AI,142496
COCs,2023-11-01,Main,Consumption AI,Consumption Excel,146879
COCs,2023-11-01,Main,Consumption AI,Consumption AI,124832
COCs,2023-11-01,Main,Consumption AI,Demographic,385017
COCs,2023-11-01,Main,Consumption AI,Consumption LMIS,NA
COCs,2023-12-01,Main,Consumption AI,Actual Consumption,100415
COCs,2023-12-01,Main,Consumption AI,Service Excel,130776
COCs,2023-12-01,Main,Consumption AI,Service AI,140906
COCs,2023-12-01,Main,Consumption AI,Consumption Excel,146879
COCs,2023-12-01,Main,Consumption AI,Consumption AI,148321
COCs,2023-12-01,Main,Consumption AI,Demographic,385017
COCs,2023-12-01,Main,Consumption AI,Consumption LMIS,NA
COCs,2024-01-01,Main,Consumption AI,Actual Consumption,130285
COCs,2024-01-01,Main,Consumption AI,Service Excel,130776
COCs,2024-01-01,Main,Consumption AI,Service AI,144232
COCs,2024-01-01,Main,Consumption AI,Consumption Excel,146879
COCs,2024-01-01,Main,Consumption AI,Consumption AI,143372
COCs,2024-01-01,Main,Consumption AI,Demographic,385017
COCs,2024-01-01,Main,Consumption AI,Consumption LMIS,NA
COCs,2024-02-01,Main,Consumption AI,Actual Consumption,122131
COCs,2024-02-01,Main,Consumption AI,Service Excel,130776
COCs,2024-02-01,Main,Consumption AI,Service AI,142224
COCs,2024-02-01,Main,Consumption AI,Consumption Excel,146879
COCs,2024-02-01,Main,Consumption AI,Consumption AI,158545
COCs,2024-02-01,Main,Consumption AI,Demographic,385017
COCs,2024-02-01,Main,Consumption AI,Consumption LMIS,NA
COCs,2024-03-01,Main,Consumption AI,Actual Consumption,115311
COCs,2024-03-01,Main,Consumption AI,Service Excel,130776
COCs,2024-03-01,Main,Consumption AI,Service AI,141240
COCs,2024-03-01,Main,Consumption AI,Consumption Excel,146879
COCs,2024-03-01,Main,Consumption AI,Consumption AI,150946
COCs,2024-03-01,Main,Consumption AI,Demographic,385017
COCs,2024-03-01,Main,Consumption AI,Consumption LMIS,NA
COCs,2024-04-01,Main,Consumption AI,Actual Consumption,111040
COCs,2024-04-01,Main,Consumption AI,Service Excel,130776
COCs,2024-04-01,Main,Consumption AI,Service AI,142010
COCs,2024-04-01,Main,Consumption AI,Consumption Excel,146879
COCs,2024-04-01,Main,Consumption AI,Consumption AI,147210
COCs,2024-04-01,Main,Consumption AI,Demographic,385017
COCs,2024-04-01,Main,Consumption AI,Consumption LMIS,NA
COCs,2024-05-01,Main,Consumption AI,Actual Consumption,130424
COCs,2024-05-01,Main,Consumption AI,Service Excel,130776
COCs,2024-05-01,Main,Consumption AI,Service AI,142196
COCs,2024-05-01,Main,Consumption AI,Consumption Excel,146879
COCs,2024-05-01,Main,Consumption AI,Consumption AI,155297
COCs,2024-05-01,Main,Consumption AI,Demographic,385017
COCs,2024-05-01,Main,Consumption AI,Consumption LMIS,NA
COCs,2024-06-01,Main,Consumption AI,Actual Consumption,120322
COCs,2024-06-01,Main,Consumption AI,Service Excel,130776
COCs,2024-06-01,Main,Consumption AI,Service AI,141584
COCs,2024-06-01,Main,Consumption AI,Consumption Excel,146879
COCs,2024-06-01,Main,Consumption AI,Consumption AI,137178
COCs,2024-06-01,Main,Consumption AI,Demographic,385017
COCs,2024-06-01,Main,Consumption AI,Consumption LMIS,NA
COCs,2024-07-01,Main,Service AI,Actual Consumption,117582
COCs,2024-07-01,Main,Service AI,Service Excel,134287
COCs,2024-07-01,Main,Service AI,Service AI,113751
COCs,2024-07-01,Main,Service AI,Consumption Excel,138402
COCs,2024-07-01,Main,Service AI,Consumption AI,101173
COCs,2024-07-01,Main,Service AI,Demographic,135505
COCs,2024-07-01,Main,Service AI,Consumption LMIS,NA
COCs,2024-08-01,Main,Service AI,Actual Consumption,114987
COCs,2024-08-01,Main,Service AI,Service Excel,134287
COCs,2024-08-01,Main,Service AI,Service AI,113751
COCs,2024-08-01,Main,Service AI,Consumption Excel,138402
COCs,2024-08-01,Main,Service AI,Consumption AI,101173
COCs,2024-08-01,Main,Service AI,Demographic,135505
COCs,2024-08-01,Main,Service AI,Consumption LMIS,NA
COCs,2024-09-01,Main,Service AI,Actual Consumption,107554
COCs,2024-09-01,Main,Service AI,Service Excel,134287
COCs,2024-09-01,Main,Service AI,Service AI,113751
COCs,2024-09-01,Main,Service AI,Consumption Excel,138402
COCs,2024-09-01,Main,Service AI,Consumption AI,101173
COCs,2024-09-01,Main,Service AI,Demographic,135505
COCs,2024-09-01,Main,Service AI,Consumption LMIS,NA
COCs,2024-10-01,Main,Service AI,Actual Consumption,100764
COCs,2024-10-01,Main,Service AI,Service Excel,134287
COCs,2024-10-01,Main,Service AI,Service AI,113751
COCs,2024-10-01,Main,Service AI,Consumption Excel,138402
COCs,2024-10-01,Main,Service AI,Consumption AI,101173
COCs,2024-10-01,Main,Service AI,Demographic,135505
COCs,2024-10-01,Main,Service AI,Consumption LMIS,NA
COCs,2024-11-01,Main,Service AI,Actual Consumption,92449
COCs,2024-11-01,Main,Service AI,Service Excel,134287
COCs,2024-11-01,Main,Service AI,Service AI,113751
COCs,2024-11-01,Main,Service AI,Consumption Excel,138402
COCs,2024-11-01,Main,Service AI,Consumption AI,101173
COCs,2024-11-01,Main,Service AI,Demographic,135505
COCs,2024-11-01,Main,Service AI,Consumption LMIS,NA
COCs,2024-12-01,Main,Service AI,Actual Consumption,83034
COCs,2024-12-01,Main,Service AI,Service Excel,134287
COCs,2024-12-01,Main,Service AI,Service AI,113751
COCs,2024-12-01,Main,Service AI,Consumption Excel,138402
COCs,2024-12-01,Main,Service AI,Consumption AI,101173
COCs,2024-12-01,Main,Service AI,Demographic,135505
COCs,2024-12-01,Main,Service AI,Consumption LMIS,NA
COCs,2025-01-01,Main,Service AI,Actual Consumption,85991
COCs,2025-01-01,Main,Service AI,Service Excel,134287
COCs,2025-01-01,Main,Service AI,Service AI,113751
COCs,2025-01-01,Main,Service AI,Consumption Excel,138402
COCs,2025-01-01,Main,Service AI,Consumption AI,101173
COCs,2025-01-01,Main,Service AI,Demographic,135505
COCs,2025-01-01,Main,Service AI,Consumption LMIS,NA
COCs,2025-02-01,Main,Service AI,Actual Consumption,74399
COCs,2025-02-01,Main,Service AI,Service Excel,134287
COCs,2025-02-01,Main,Service AI,Service AI,113751
COCs,2025-02-01,Main,Service AI,Consumption Excel,138402
COCs,2025-02-01,Main,Service AI,Consumption AI,101173
COCs,2025-02-01,Main,Service AI,Demographic,135505
COCs,2025-02-01,Main,Service AI,Consumption LMIS,NA
COCs,2025-03-01,Main,Service AI,Actual Consumption,67244
COCs,2025-03-01,Main,Service AI,Service Excel,134287
COCs,2025-03-01,Main,Service AI,Service AI,113751
COCs,2025-03-01,Main,Service AI,Consumption Excel,138402
COCs,2025-03-01,Main,Service AI,Consumption AI,101173
COCs,2025-03-01,Main,Service AI,Demographic,135505
COCs,2025-03-01,Main,Service AI,Consumption LMIS,NA
COCs,2025-04-01,Main,Service AI,Actual Consumption,59668
COCs,2025-04-01,Main,Service AI,Service Excel,134287
COCs,2025-04-01,Main,Service AI,Service AI,113751
COCs,2025-04-01,Main,Service AI,Consumption Excel,138402
COCs,2025-04-01,Main,Service AI,Consumption AI,101173
COCs,2025-04-01,Main,Service AI,Demographic,135505
COCs,2025-04-01,Main,Service AI,Consumption LMIS,NA
COCs,2025-05-01,Main,Service AI,Actual Consumption,53405
COCs,2025-05-01,Main,Service AI,Service Excel,134287
COCs,2025-05-01,Main,Service AI,Service AI,113751
COCs,2025-05-01,Main,Service AI,Consumption Excel,138402
COCs,2025-05-01,Main,Service AI,Consumption AI,101173
COCs,2025-05-01,Main,Service AI,Demographic,135505
COCs,2025-05-01,Main,Service AI,Consumption LMIS,NA
COCs,2025-06-01,Main,Service AI,Actual Consumption,43432
COCs,2025-06-01,Main,Service AI,Service Excel,134287
COCs,2025-06-01,Main,Service AI,Service AI,113751
COCs,2025-06-01,Main,Service AI,Consumption Excel,138402
COCs,2025-06-01,Main,Service AI,Consumption AI,101173
COCs,2025-06-01,Main,Service AI,Demographic,135505
COCs,2025-06-01,Main,Service AI,Consumption LMIS,NA
COCs,2024-07-01,Review,Service AI,Actual Consumption,117582
COCs,2024-07-01,Review,Service AI,Service Excel,140292
COCs,2024-07-01,Review,Service AI,Service AI,135505
COCs,2024-07-01,Review,Service AI,Consumption Excel,114523
COCs,2024-07-01,Review,Service AI,Consumption AI,121173
COCs,2024-07-01,Review,Service AI,Demographic,126506
COCs,2024-07-01,Review,Service AI,Consumption LMIS,NA
COCs,2024-08-01,Review,Service AI,Actual Consumption,114987
COCs,2024-08-01,Review,Service AI,Service Excel,140292
COCs,2024-08-01,Review,Service AI,Service AI,135505
COCs,2024-08-01,Review,Service AI,Consumption Excel,114523
COCs,2024-08-01,Review,Service AI,Consumption AI,121173
COCs,2024-08-01,Review,Service AI,Demographic,126506
COCs,2024-08-01,Review,Service AI,Consumption LMIS,NA
COCs,2024-09-01,Review,Service AI,Actual Consumption,107554
COCs,2024-09-01,Review,Service AI,Service Excel,140292
COCs,2024-09-01,Review,Service AI,Service AI,135505
COCs,2024-09-01,Review,Service AI,Consumption Excel,114523
COCs,2024-09-01,Review,Service AI,Consumption AI,121173
COCs,2024-09-01,Review,Service AI,Demographic,126506
COCs,2024-09-01,Review,Service AI,Consumption LMIS,NA
COCs,2024-10-01,Review,Service AI,Actual Consumption,100764
COCs,2024-10-01,Review,Service AI,Service Excel,140292
COCs,2024-10-01,Review,Service AI,Service AI,135505
COCs,2024-10-01,Review,Service AI,Consumption Excel,114523
COCs,2024-10-01,Review,Service AI,Consumption AI,121173
COCs,2024-10-01,Review,Service AI,Demographic,126506
COCs,2024-10-01,Review,Service AI,Consumption LMIS,NA
COCs,2024-11-01,Review,Service AI,Actual Consumption,92449
COCs,2024-11-01,Review,Service AI,Service Excel,140292
COCs,2024-11-01,Review,Service AI,Service AI,135505
COCs,2024-11-01,Review,Service AI,Consumption Excel,114523
COCs,2024-11-01,Review,Service AI,Consumption AI,121173
COCs,2024-11-01,Review,Service AI,Demographic,126506
COCs,2024-11-01,Review,Service AI,Consumption LMIS,NA
COCs,2024-12-01,Review,Service AI,Actual Consumption,83034
COCs,2024-12-01,Review,Service AI,Service Excel,140292
COCs,2024-12-01,Review,Service AI,Service AI,135505
COCs,2024-12-01,Review,Service AI,Consumption Excel,114523
COCs,2024-12-01,Review,Service AI,Consumption AI,121173
COCs,2024-12-01,Review,Service AI,Demographic,126506
COCs,2024-12-01,Review,Service AI,Consumption LMIS,NA
COCs,2025-01-01,Review,Service AI,Actual Consumption,85991
COCs,2025-01-01,Review,Service AI,Service Excel,140292
COCs,2025-01-01,Review,Service AI,Service AI,135505
COCs,2025-01-01,Review,Service AI,Consumption Excel,114523
COCs,2025-01-01,Review,Service AI,Consumption AI,121173
COCs,2025-01-01,Review,Service AI,Demographic,126506
COCs,2025-01-01,Review,Service AI,Consumption LMIS,NA
COCs,2025-02-01,Review,Service AI,Actual Consumption,74399
COCs,2025-02-01,Review,Service AI,Service Excel,140292
COCs,2025-02-01,Review,Service AI,Service AI,135505
COCs,2025-02-01,Review,Service AI,Consumption Excel,114523
COCs,2025-02-01,Review,Service AI,Consumption AI,121173
COCs,2025-02-01,Review,Service AI,Demographic,126506
COCs,2025-02-01,Review,Service AI,Consumption LMIS,NA
COCs,2025-03-01,Review,Service AI,Actual Consumption,67244
COCs,2025-03-01,Review,Service AI,Service Excel,140292
COCs,2025-03-01,Review,Service AI,Service AI,135505
COCs,2025-03-01,Review,Service AI,Consumption Excel,114523
COCs,2025-03-01,Review,Service AI,Consumption AI,121173
COCs,2025-03-01,Review,Service AI,Demographic,126506
COCs,2025-03-01,Review,Service AI,Consumption LMIS,NA
COCs,2025-04-01,Review,Service AI,Actual Consumption,59668
COCs,2025-04-01,Review,Service AI,Service Excel,140292
COCs,2025-04-01,Review,Service AI,Service AI,135505
COCs,2025-04-01,Review,Service AI,Consumption Excel,114523
COCs,2025-04-01,Review,Service AI,Consumption AI,121173
COCs,2025-04-01,Review,Service AI,Demographic,126506
COCs,2025-04-01,Review,Service AI,Consumption LMIS,NA
COCs,2025-05-01,Review,Service AI,Actual Consumption,53405
COCs,2025-05-01,Review,Service AI,Service Excel,140292
COCs,2025-05-01,Review,Service AI,Service AI,135505
COCs,2025-05-01,Review,Service AI,Consumption Excel,114523
COCs,2025-05-01,Review,Service AI,Consumption AI,121173
COCs,2025-05-01,Review,Service AI,Demographic,126506
COCs,2025-05-01,Review,Service AI,Consumption LMIS,NA
COCs,2025-06-01,Review,Service AI,Actual Consumption,43432
COCs,2025-06-01,Review,Service AI,Service Excel,140292
COCs,2025-06-01,Review,Service AI,Service AI,135505
COCs,2025-06-01,Review,Service AI,Consumption Excel,114523
COCs,2025-06-01,Review,Service AI,Consumption AI,121173
COCs,2025-06-01,Review,Service AI,Demographic,126506
COCs,2025-06-01,Review,Service AI,Consumption LMIS,NA
COCs,2025-07-01,Main,Consumption LMIS,Actual Consumption,38583
COCs,2025-07-01,Main,Consumption LMIS,Service Excel,NA
COCs,2025-07-01,Main,Consumption LMIS,Service AI,60240
COCs,2025-07-01,Main,Consumption LMIS,Consumption Excel,NA
COCs,2025-07-01,Main,Consumption LMIS,Consumption AI,7256
COCs,2025-07-01,Main,Consumption LMIS,Demographic,281444.5833
COCs,2025-07-01,Main,Consumption LMIS,Consumption LMIS,123803
COCs,2025-08-01,Main,Consumption LMIS,Actual Consumption,34029
COCs,2025-08-01,Main,Consumption LMIS,Service Excel,NA
COCs,2025-08-01,Main,Consumption LMIS,Service AI,60026
COCs,2025-08-01,Main,Consumption LMIS,Consumption Excel,NA
COCs,2025-08-01,Main,Consumption LMIS,Consumption AI,7140
COCs,2025-08-01,Main,Consumption LMIS,Demographic,281444.5833
COCs,2025-08-01,Main,Consumption LMIS,Consumption LMIS,123803
COCs,2025-09-01,Main,Consumption LMIS,Actual Consumption,41573
COCs,2025-09-01,Main,Consumption LMIS,Service Excel,NA
COCs,2025-09-01,Main,Consumption LMIS,Service AI,60602
COCs,2025-09-01,Main,Consumption LMIS,Consumption Excel,NA
COCs,2025-09-01,Main,Consumption LMIS,Consumption AI,6957
COCs,2025-09-01,Main,Consumption LMIS,Demographic,281444.5833
COCs,2025-09-01,Main,Consumption LMIS,Consumption LMIS,123803
COCs,2025-10-01,Main,Consumption LMIS,Actual Consumption,39457
COCs,2025-10-01,Main,Consumption LMIS,Service Excel,NA
COCs,2025-10-01,Main,Consumption LMIS,Service AI,60788
COCs,2025-10-01,Main,Consumption LMIS,Consumption Excel,NA
COCs,2025-10-01,Main,Consumption LMIS,Consumption AI,7148
COCs,2025-10-01,Main,Consumption LMIS,Demographic,281444.5833
COCs,2025-10-01,Main,Consumption LMIS,Consumption LMIS,123803
COCs,2025-11-01,Main,Consumption LMIS,Actual Consumption,26865
COCs,2025-11-01,Main,Consumption LMIS,Service Excel,NA
COCs,2025-11-01,Main,Consumption LMIS,Service AI,60026
COCs,2025-11-01,Main,Consumption LMIS,Consumption Excel,NA
COCs,2025-11-01,Main,Consumption LMIS,Consumption AI,6921
COCs,2025-11-01,Main,Consumption LMIS,Demographic,281444.5833
COCs,2025-11-01,Main,Consumption LMIS,Consumption LMIS,123803
COCs,2025-12-01,Main,Consumption LMIS,Actual Consumption,18190
COCs,2025-12-01,Main,Consumption LMIS,Service Excel,NA
COCs,2025-12-01,Main,Consumption LMIS,Service AI,60026
COCs,2025-12-01,Main,Consumption LMIS,Consumption Excel,NA
COCs,2025-12-01,Main,Consumption LMIS,Consumption AI,7014
COCs,2025-12-01,Main,Consumption LMIS,Demographic,281444.5833
COCs,2025-12-01,Main,Consumption LMIS,Consumption LMIS,123803
COCs,2026-01-01,Main,Consumption LMIS,Actual Consumption,16475
COCs,2026-01-01,Main,Consumption LMIS,Service Excel,NA
COCs,2026-01-01,Main,Consumption LMIS,Service AI,64514
COCs,2026-01-01,Main,Consumption LMIS,Consumption Excel,NA
COCs,2026-01-01,Main,Consumption LMIS,Consumption AI,6389
COCs,2026-01-01,Main,Consumption LMIS,Demographic,281444.5833
COCs,2026-01-01,Main,Consumption LMIS,Consumption LMIS,123803
COCs,2026-02-01,Main,Consumption LMIS,Actual Consumption,20875
COCs,2026-02-01,Main,Consumption LMIS,Service Excel,NA
COCs,2026-02-01,Main,Consumption LMIS,Service AI,60887
COCs,2026-02-01,Main,Consumption LMIS,Consumption Excel,NA
COCs,2026-02-01,Main,Consumption LMIS,Consumption AI,6136
COCs,2026-02-01,Main,Consumption LMIS,Demographic,281444.5833
COCs,2026-02-01,Main,Consumption LMIS,Consumption LMIS,123803
COCs,2026-03-01,Main,Consumption LMIS,Actual Consumption,23382
COCs,2026-03-01,Main,Consumption LMIS,Service Excel,NA
COCs,2026-03-01,Main,Consumption LMIS,Service AI,60456
COCs,2026-03-01,Main,Consumption LMIS,Consumption Excel,NA
COCs,2026-03-01,Main,Consumption LMIS,Consumption AI,6287
COCs,2026-03-01,Main,Consumption LMIS,Demographic,281444.5833
COCs,2026-03-01,Main,Consumption LMIS,Consumption LMIS,123803
COCs,2026-04-01,Main,Consumption LMIS,Actual Consumption,21596
COCs,2026-04-01,Main,Consumption LMIS,Service Excel,NA
COCs,2026-04-01,Main,Consumption LMIS,Service AI,62078
COCs,2026-04-01,Main,Consumption LMIS,Consumption Excel,NA
COCs,2026-04-01,Main,Consumption LMIS,Consumption AI,6537
COCs,2026-04-01,Main,Consumption LMIS,Demographic,281444.5833
COCs,2026-04-01,Main,Consumption LMIS,Consumption LMIS,123803
COCs,2026-05-01,Main,Consumption LMIS,Actual Consumption,23776
COCs,2026-05-01,Main,Consumption LMIS,Service Excel,NA
COCs,2026-05-01,Main,Consumption LMIS,Service AI,60026
COCs,2026-05-01,Main,Consumption LMIS,Consumption Excel,NA
COCs,2026-05-01,Main,Consumption LMIS,Consumption AI,6321
COCs,2026-05-01,Main,Consumption LMIS,Demographic,281444.5833
COCs,2026-05-01,Main,Consumption LMIS,Consumption LMIS,123803
COCs,2026-06-01,Main,Consumption LMIS,Actual Consumption,29287
COCs,2026-06-01,Main,Consumption LMIS,Service Excel,NA
COCs,2026-06-01,Main,Consumption LMIS,Service AI,60026
COCs,2026-06-01,Main,Consumption LMIS,Consumption Excel,NA
COCs,2026-06-01,Main,Consumption LMIS,Consumption AI,6293
COCs,2026-06-01,Main,Consumption LMIS,Demographic,281444.5833
COCs,2026-06-01,Main,Consumption LMIS,Consumption LMIS,123803
DMPA-IM,2023-07-01,Main,Demographic,Actual Consumption,195891
DMPA-IM,2023-07-01,Main,Demographic,Service Excel,217170
DMPA-IM,2023-07-01,Main,Demographic,Service AI,216721
DMPA-IM,2023-07-01,Main,Demographic,Consumption Excel,208037
DMPA-IM,2023-07-01,Main,Demographic,Consumption AI,227074
DMPA-IM,2023-07-01,Main,Demographic,Demographic,287552
DMPA-IM,2023-07-01,Main,Demographic,Consumption LMIS,NA
DMPA-IM,2023-08-01,Main,Demographic,Actual Consumption,208750
DMPA-IM,2023-08-01,Main,Demographic,Service Excel,217170
DMPA-IM,2023-08-01,Main,Demographic,Service AI,225710
DMPA-IM,2023-08-01,Main,Demographic,Consumption Excel,208037
DMPA-IM,2023-08-01,Main,Demographic,Consumption AI,227875
DMPA-IM,2023-08-01,Main,Demographic,Demographic,287552
DMPA-IM,2023-08-01,Main,Demographic,Consumption LMIS,NA
DMPA-IM,2023-09-01,Main,Demographic,Actual Consumption,206618
DMPA-IM,2023-09-01,Main,Demographic,Service Excel,217170
DMPA-IM,2023-09-01,Main,Demographic,Service AI,231246
DMPA-IM,2023-09-01,Main,Demographic,Consumption Excel,208037
DMPA-IM,2023-09-01,Main,Demographic,Consumption AI,228703
DMPA-IM,2023-09-01,Main,Demographic,Demographic,287552
DMPA-IM,2023-09-01,Main,Demographic,Consumption LMIS,NA
DMPA-IM,2023-10-01,Main,Demographic,Actual Consumption,192611
DMPA-IM,2023-10-01,Main,Demographic,Service Excel,217170
DMPA-IM,2023-10-01,Main,Demographic,Service AI,240201
DMPA-IM,2023-10-01,Main,Demographic,Consumption Excel,208037
DMPA-IM,2023-10-01,Main,Demographic,Consumption AI,229505
DMPA-IM,2023-10-01,Main,Demographic,Demographic,287552
DMPA-IM,2023-10-01,Main,Demographic,Consumption LMIS,NA
DMPA-IM,2023-11-01,Main,Demographic,Actual Consumption,200081
DMPA-IM,2023-11-01,Main,Demographic,Service Excel,217170
DMPA-IM,2023-11-01,Main,Demographic,Service AI,246518
DMPA-IM,2023-11-01,Main,Demographic,Consumption Excel,208037
DMPA-IM,2023-11-01,Main,Demographic,Consumption AI,230333
DMPA-IM,2023-11-01,Main,Demographic,Demographic,287552
DMPA-IM,2023-11-01,Main,Demographic,Consumption LMIS,NA
DMPA-IM,2023-12-01,Main,Demographic,Actual Consumption,202906
DMPA-IM,2023-12-01,Main,Demographic,Service Excel,217170
DMPA-IM,2023-12-01,Main,Demographic,Service AI,247744
DMPA-IM,2023-12-01,Main,Demographic,Consumption Excel,208037
DMPA-IM,2023-12-01,Main,Demographic,Consumption AI,231162
DMPA-IM,2023-12-01,Main,Demographic,Demographic,287552
DMPA-IM,2023-12-01,Main,Demographic,Consumption LMIS,NA
DMPA-IM,2024-01-01,Main,Demographic,Actual Consumption,217289
DMPA-IM,2024-01-01,Main,Demographic,Service Excel,217170
DMPA-IM,2024-01-01,Main,Demographic,Service AI,259281
DMPA-IM,2024-01-01,Main,Demographic,Consumption Excel,208037
DMPA-IM,2024-01-01,Main,Demographic,Consumption AI,231963
DMPA-IM,2024-01-01,Main,Demographic,Demographic,287552
DMPA-IM,2024-01-01,Main,Demographic,Consumption LMIS,NA
DMPA-IM,2024-02-01,Main,Demographic,Actual Consumption,191762
DMPA-IM,2024-02-01,Main,Demographic,Service Excel,217170
DMPA-IM,2024-02-01,Main,Demographic,Service AI,264568
DMPA-IM,2024-02-01,Main,Demographic,Consumption Excel,208037
DMPA-IM,2024-02-01,Main,Demographic,Consumption AI,232791
DMPA-IM,2024-02-01,Main,Demographic,Demographic,287552
DMPA-IM,2024-02-01,Main,Demographic,Consumption LMIS,NA
DMPA-IM,2024-03-01,Main,Demographic,Actual Consumption,207029
DMPA-IM,2024-03-01,Main,Demographic,Service Excel,217170
DMPA-IM,2024-03-01,Main,Demographic,Service AI,268515
DMPA-IM,2024-03-01,Main,Demographic,Consumption Excel,208037
DMPA-IM,2024-03-01,Main,Demographic,Consumption AI,233593
DMPA-IM,2024-03-01,Main,Demographic,Demographic,287552
DMPA-IM,2024-03-01,Main,Demographic,Consumption LMIS,NA
DMPA-IM,2024-04-01,Main,Demographic,Actual Consumption,200364
DMPA-IM,2024-04-01,Main,Demographic,Service Excel,217170
DMPA-IM,2024-04-01,Main,Demographic,Service AI,274568
DMPA-IM,2024-04-01,Main,Demographic,Consumption Excel,208037
DMPA-IM,2024-04-01,Main,Demographic,Consumption AI,234421
DMPA-IM,2024-04-01,Main,Demographic,Demographic,287552
DMPA-IM,2024-04-01,Main,Demographic,Consumption LMIS,NA
DMPA-IM,2024-05-01,Main,Demographic,Actual Consumption,220112
DMPA-IM,2024-05-01,Main,Demographic,Service Excel,217170
DMPA-IM,2024-05-01,Main,Demographic,Service AI,279460
DMPA-IM,2024-05-01,Main,Demographic,Consumption Excel,208037
DMPA-IM,2024-05-01,Main,Demographic,Consumption AI,235249
DMPA-IM,2024-05-01,Main,Demographic,Demographic,287552
DMPA-IM,2024-05-01,Main,Demographic,Consumption LMIS,NA
DMPA-IM,2024-06-01,Main,Demographic,Actual Consumption,212825
DMPA-IM,2024-06-01,Main,Demographic,Service Excel,217170
DMPA-IM,2024-06-01,Main,Demographic,Service AI,287913
DMPA-IM,2024-06-01,Main,Demographic,Consumption Excel,208037
DMPA-IM,2024-06-01,Main,Demographic,Consumption AI,236024
DMPA-IM,2024-06-01,Main,Demographic,Demographic,287552
DMPA-IM,2024-06-01,Main,Demographic,Consumption LMIS,NA
DMPA-IM,2024-07-01,Main,Consumption AI,Actual Consumption,228424
DMPA-IM,2024-07-01,Main,Consumption AI,Service Excel,214937
DMPA-IM,2024-07-01,Main,Consumption AI,Service AI,212123
DMPA-IM,2024-07-01,Main,Consumption AI,Consumption Excel,210286
DMPA-IM,2024-07-01,Main,Consumption AI,Consumption AI,201541
DMPA-IM,2024-07-01,Main,Consumption AI,Demographic,285857
DMPA-IM,2024-07-01,Main,Consumption AI,Consumption LMIS,NA
DMPA-IM,2024-08-01,Main,Consumption AI,Actual Consumption,216668
DMPA-IM,2024-08-01,Main,Consumption AI,Service Excel,214937
DMPA-IM,2024-08-01,Main,Consumption AI,Service AI,212123
DMPA-IM,2024-08-01,Main,Consumption AI,Consumption Excel,210286
DMPA-IM,2024-08-01,Main,Consumption AI,Consumption AI,201541
DMPA-IM,2024-08-01,Main,Consumption AI,Demographic,285857
DMPA-IM,2024-08-01,Main,Consumption AI,Consumption LMIS,NA
DMPA-IM,2024-09-01,Main,Consumption AI,Actual Consumption,210510
DMPA-IM,2024-09-01,Main,Consumption AI,Service Excel,214937
DMPA-IM,2024-09-01,Main,Consumption AI,Service AI,212123
DMPA-IM,2024-09-01,Main,Consumption AI,Consumption Excel,210286
DMPA-IM,2024-09-01,Main,Consumption AI,Consumption AI,201541
DMPA-IM,2024-09-01,Main,Consumption AI,Demographic,285857
DMPA-IM,2024-09-01,Main,Consumption AI,Consumption LMIS,NA
DMPA-IM,2024-10-01,Main,Consumption AI,Actual Consumption,218819
DMPA-IM,2024-10-01,Main,Consumption AI,Service Excel,214937
DMPA-IM,2024-10-01,Main,Consumption AI,Service AI,212123
DMPA-IM,2024-10-01,Main,Consumption AI,Consumption Excel,210286
DMPA-IM,2024-10-01,Main,Consumption AI,Consumption AI,201541
DMPA-IM,2024-10-01,Main,Consumption AI,Demographic,285857
DMPA-IM,2024-10-01,Main,Consumption AI,Consumption LMIS,NA
DMPA-IM,2024-11-01,Main,Consumption AI,Actual Consumption,207141
DMPA-IM,2024-11-01,Main,Consumption AI,Service Excel,214937
DMPA-IM,2024-11-01,Main,Consumption AI,Service AI,212123
DMPA-IM,2024-11-01,Main,Consumption AI,Consumption Excel,210286
DMPA-IM,2024-11-01,Main,Consumption AI,Consumption AI,201541
DMPA-IM,2024-11-01,Main,Consumption AI,Demographic,285857
DMPA-IM,2024-11-01,Main,Consumption AI,Consumption LMIS,NA
DMPA-IM,2024-12-01,Main,Consumption AI,Actual Consumption,202942
DMPA-IM,2024-12-01,Main,Consumption AI,Service Excel,214937
DMPA-IM,2024-12-01,Main,Consumption AI,Service AI,212123
DMPA-IM,2024-12-01,Main,Consumption AI,Consumption Excel,210286
DMPA-IM,2024-12-01,Main,Consumption AI,Consumption AI,201541
DMPA-IM,2024-12-01,Main,Consumption AI,Demographic,285857
DMPA-IM,2024-12-01,Main,Consumption AI,Consumption LMIS,NA
DMPA-IM,2025-01-01,Main,Consumption AI,Actual Consumption,212054
DMPA-IM,2025-01-01,Main,Consumption AI,Service Excel,214937
DMPA-IM,2025-01-01,Main,Consumption AI,Service AI,212123
DMPA-IM,2025-01-01,Main,Consumption AI,Consumption Excel,210286
DMPA-IM,2025-01-01,Main,Consumption AI,Consumption AI,201541
DMPA-IM,2025-01-01,Main,Consumption AI,Demographic,285857
DMPA-IM,2025-01-01,Main,Consumption AI,Consumption LMIS,NA
DMPA-IM,2025-02-01,Main,Consumption AI,Actual Consumption,183451
DMPA-IM,2025-02-01,Main,Consumption AI,Service Excel,214937
DMPA-IM,2025-02-01,Main,Consumption AI,Service AI,212123
DMPA-IM,2025-02-01,Main,Consumption AI,Consumption Excel,210286
DMPA-IM,2025-02-01,Main,Consumption AI,Consumption AI,201541
DMPA-IM,2025-02-01,Main,Consumption AI,Demographic,285857
DMPA-IM,2025-02-01,Main,Consumption AI,Consumption LMIS,NA
DMPA-IM,2025-03-01,Main,Consumption AI,Actual Consumption,175516
DMPA-IM,2025-03-01,Main,Consumption AI,Service Excel,214937
DMPA-IM,2025-03-01,Main,Consumption AI,Service AI,212123
DMPA-IM,2025-03-01,Main,Consumption AI,Consumption Excel,210286
DMPA-IM,2025-03-01,Main,Consumption AI,Consumption AI,201541
DMPA-IM,2025-03-01,Main,Consumption AI,Demographic,285857
DMPA-IM,2025-03-01,Main,Consumption AI,Consumption LMIS,NA
DMPA-IM,2025-04-01,Main,Consumption AI,Actual Consumption,207478
DMPA-IM,2025-04-01,Main,Consumption AI,Service Excel,214937
DMPA-IM,2025-04-01,Main,Consumption AI,Service AI,212123
DMPA-IM,2025-04-01,Main,Consumption AI,Consumption Excel,210286
DMPA-IM,2025-04-01,Main,Consumption AI,Consumption AI,201541
DMPA-IM,2025-04-01,Main,Consumption AI,Demographic,285857
DMPA-IM,2025-04-01,Main,Consumption AI,Consumption LMIS,NA
DMPA-IM,2025-05-01,Main,Consumption AI,Actual Consumption,208829
DMPA-IM,2025-05-01,Main,Consumption AI,Service Excel,214937
DMPA-IM,2025-05-01,Main,Consumption AI,Service AI,212123
DMPA-IM,2025-05-01,Main,Consumption AI,Consumption Excel,210286
DMPA-IM,2025-05-01,Main,Consumption AI,Consumption AI,201541
DMPA-IM,2025-05-01,Main,Consumption AI,Demographic,285857
DMPA-IM,2025-05-01,Main,Consumption AI,Consumption LMIS,NA
DMPA-IM,2025-06-01,Main,Consumption AI,Actual Consumption,171417
DMPA-IM,2025-06-01,Main,Consumption AI,Service Excel,214937
DMPA-IM,2025-06-01,Main,Consumption AI,Service AI,212123
DMPA-IM,2025-06-01,Main,Consumption AI,Consumption Excel,210286
DMPA-IM,2025-06-01,Main,Consumption AI,Consumption AI,201541
DMPA-IM,2025-06-01,Main,Consumption AI,Demographic,285857
DMPA-IM,2025-06-01,Main,Consumption AI,Consumption LMIS,NA
DMPA-IM,2024-07-01,Review,Consumption AI,Actual Consumption,228424
DMPA-IM,2024-07-01,Review,Consumption AI,Service Excel,215298
DMPA-IM,2024-07-01,Review,Consumption AI,Service AI,201541
DMPA-IM,2024-07-01,Review,Consumption AI,Consumption Excel,209089
DMPA-IM,2024-07-01,Review,Consumption AI,Consumption AI,208949
DMPA-IM,2024-07-01,Review,Consumption AI,Demographic,267306
DMPA-IM,2024-07-01,Review,Consumption AI,Consumption LMIS,NA
DMPA-IM,2024-08-01,Review,Consumption AI,Actual Consumption,216668
DMPA-IM,2024-08-01,Review,Consumption AI,Service Excel,215298
DMPA-IM,2024-08-01,Review,Consumption AI,Service AI,201541
DMPA-IM,2024-08-01,Review,Consumption AI,Consumption Excel,209089
DMPA-IM,2024-08-01,Review,Consumption AI,Consumption AI,208949
DMPA-IM,2024-08-01,Review,Consumption AI,Demographic,267306
DMPA-IM,2024-08-01,Review,Consumption AI,Consumption LMIS,NA
DMPA-IM,2024-09-01,Review,Consumption AI,Actual Consumption,210510
DMPA-IM,2024-09-01,Review,Consumption AI,Service Excel,215298
DMPA-IM,2024-09-01,Review,Consumption AI,Service AI,201541
DMPA-IM,2024-09-01,Review,Consumption AI,Consumption Excel,209089
DMPA-IM,2024-09-01,Review,Consumption AI,Consumption AI,208949
DMPA-IM,2024-09-01,Review,Consumption AI,Demographic,267306
DMPA-IM,2024-09-01,Review,Consumption AI,Consumption LMIS,NA
DMPA-IM,2024-10-01,Review,Consumption AI,Actual Consumption,218819
DMPA-IM,2024-10-01,Review,Consumption AI,Service Excel,215298
DMPA-IM,2024-10-01,Review,Consumption AI,Service AI,201541
DMPA-IM,2024-10-01,Review,Consumption AI,Consumption Excel,209089
DMPA-IM,2024-10-01,Review,Consumption AI,Consumption AI,208949
DMPA-IM,2024-10-01,Review,Consumption AI,Demographic,267306
DMPA-IM,2024-10-01,Review,Consumption AI,Consumption LMIS,NA
DMPA-IM,2024-11-01,Review,Consumption AI,Actual Consumption,207141
DMPA-IM,2024-11-01,Review,Consumption AI,Service Excel,215298
DMPA-IM,2024-11-01,Review,Consumption AI,Service AI,201541
DMPA-IM,2024-11-01,Review,Consumption AI,Consumption Excel,209089
DMPA-IM,2024-11-01,Review,Consumption AI,Consumption AI,208949
DMPA-IM,2024-11-01,Review,Consumption AI,Demographic,267306
DMPA-IM,2024-11-01,Review,Consumption AI,Consumption LMIS,NA
DMPA-IM,2024-12-01,Review,Consumption AI,Actual Consumption,202942
DMPA-IM,2024-12-01,Review,Consumption AI,Service Excel,215298
DMPA-IM,2024-12-01,Review,Consumption AI,Service AI,201541
DMPA-IM,2024-12-01,Review,Consumption AI,Consumption Excel,209089
DMPA-IM,2024-12-01,Review,Consumption AI,Consumption AI,208949
DMPA-IM,2024-12-01,Review,Consumption AI,Demographic,267306
DMPA-IM,2024-12-01,Review,Consumption AI,Consumption LMIS,NA
DMPA-IM,2025-01-01,Review,Consumption AI,Actual Consumption,212054
DMPA-IM,2025-01-01,Review,Consumption AI,Service Excel,215298
DMPA-IM,2025-01-01,Review,Consumption AI,Service AI,201541
DMPA-IM,2025-01-01,Review,Consumption AI,Consumption Excel,209089
DMPA-IM,2025-01-01,Review,Consumption AI,Consumption AI,208949
DMPA-IM,2025-01-01,Review,Consumption AI,Demographic,267306
DMPA-IM,2025-01-01,Review,Consumption AI,Consumption LMIS,NA
DMPA-IM,2025-02-01,Review,Consumption AI,Actual Consumption,183451
DMPA-IM,2025-02-01,Review,Consumption AI,Service Excel,215298
DMPA-IM,2025-02-01,Review,Consumption AI,Service AI,201541
DMPA-IM,2025-02-01,Review,Consumption AI,Consumption Excel,209089
DMPA-IM,2025-02-01,Review,Consumption AI,Consumption AI,208949
DMPA-IM,2025-02-01,Review,Consumption AI,Demographic,267306
DMPA-IM,2025-02-01,Review,Consumption AI,Consumption LMIS,NA
DMPA-IM,2025-03-01,Review,Consumption AI,Actual Consumption,175516
DMPA-IM,2025-03-01,Review,Consumption AI,Service Excel,215298
DMPA-IM,2025-03-01,Review,Consumption AI,Service AI,201541
DMPA-IM,2025-03-01,Review,Consumption AI,Consumption Excel,209089
DMPA-IM,2025-03-01,Review,Consumption AI,Consumption AI,208949
DMPA-IM,2025-03-01,Review,Consumption AI,Demographic,267306
DMPA-IM,2025-03-01,Review,Consumption AI,Consumption LMIS,NA
DMPA-IM,2025-04-01,Review,Consumption AI,Actual Consumption,207478
DMPA-IM,2025-04-01,Review,Consumption AI,Service Excel,215298
DMPA-IM,2025-04-01,Review,Consumption AI,Service AI,201541
DMPA-IM,2025-04-01,Review,Consumption AI,Consumption Excel,209089
DMPA-IM,2025-04-01,Review,Consumption AI,Consumption AI,208949
DMPA-IM,2025-04-01,Review,Consumption AI,Demographic,267306
DMPA-IM,2025-04-01,Review,Consumption AI,Consumption LMIS,NA
DMPA-IM,2025-05-01,Review,Consumption AI,Actual Consumption,208829
DMPA-IM,2025-05-01,Review,Consumption AI,Service Excel,215298
DMPA-IM,2025-05-01,Review,Consumption AI,Service AI,201541
DMPA-IM,2025-05-01,Review,Consumption AI,Consumption Excel,209089
DMPA-IM,2025-05-01,Review,Consumption AI,Consumption AI,208949
DMPA-IM,2025-05-01,Review,Consumption AI,Demographic,267306
DMPA-IM,2025-05-01,Review,Consumption AI,Consumption LMIS,NA
DMPA-IM,2025-06-01,Review,Consumption AI,Actual Consumption,171417
DMPA-IM,2025-06-01,Review,Consumption AI,Service Excel,215298
DMPA-IM,2025-06-01,Review,Consumption AI,Service AI,201541
DMPA-IM,2025-06-01,Review,Consumption AI,Consumption Excel,209089
DMPA-IM,2025-06-01,Review,Consumption AI,Consumption AI,208949
DMPA-IM,2025-06-01,Review,Consumption AI,Demographic,267306
DMPA-IM,2025-06-01,Review,Consumption AI,Consumption LMIS,NA
DMPA-IM,2025-07-01,Main,Consumption LMIS,Actual Consumption,168495
DMPA-IM,2025-07-01,Main,Consumption LMIS,Service Excel,NA
DMPA-IM,2025-07-01,Main,Consumption LMIS,Service AI,207438
DMPA-IM,2025-07-01,Main,Consumption LMIS,Consumption Excel,NA
DMPA-IM,2025-07-01,Main,Consumption LMIS,Consumption AI,196283
DMPA-IM,2025-07-01,Main,Consumption LMIS,Demographic,300929
DMPA-IM,2025-07-01,Main,Consumption LMIS,Consumption LMIS,216901
DMPA-IM,2025-08-01,Main,Consumption LMIS,Actual Consumption,157588
DMPA-IM,2025-08-01,Main,Consumption LMIS,Service Excel,NA
DMPA-IM,2025-08-01,Main,Consumption LMIS,Service AI,207727
DMPA-IM,2025-08-01,Main,Consumption LMIS,Consumption Excel,NA
DMPA-IM,2025-08-01,Main,Consumption LMIS,Consumption AI,199207
DMPA-IM,2025-08-01,Main,Consumption LMIS,Demographic,300929
DMPA-IM,2025-08-01,Main,Consumption LMIS,Consumption LMIS,216901
DMPA-IM,2025-09-01,Main,Consumption LMIS,Actual Consumption,172675
DMPA-IM,2025-09-01,Main,Consumption LMIS,Service Excel,NA
DMPA-IM,2025-09-01,Main,Consumption LMIS,Service AI,211920
DMPA-IM,2025-09-01,Main,Consumption LMIS,Consumption Excel,NA
DMPA-IM,2025-09-01,Main,Consumption LMIS,Consumption AI,203443
DMPA-IM,2025-09-01,Main,Consumption LMIS,Demographic,300929
DMPA-IM,2025-09-01,Main,Consumption LMIS,Consumption LMIS,216901
DMPA-IM,2025-10-01,Main,Consumption LMIS,Actual Consumption,158161
DMPA-IM,2025-10-01,Main,Consumption LMIS,Service Excel,NA
DMPA-IM,2025-10-01,Main,Consumption LMIS,Service AI,209605
DMPA-IM,2025-10-01,Main,Consumption LMIS,Consumption Excel,NA
DMPA-IM,2025-10-01,Main,Consumption LMIS,Consumption AI,201357
DMPA-IM,2025-10-01,Main,Consumption LMIS,Demographic,300929
DMPA-IM,2025-10-01,Main,Consumption LMIS,Consumption LMIS,216901
DMPA-IM,2025-11-01,Main,Consumption LMIS,Actual Consumption,143186
DMPA-IM,2025-11-01,Main,Consumption LMIS,Service Excel,NA
DMPA-IM,2025-11-01,Main,Consumption LMIS,Service AI,206846
DMPA-IM,2025-11-01,Main,Consumption LMIS,Consumption Excel,NA
DMPA-IM,2025-11-01,Main,Consumption LMIS,Consumption AI,198469
DMPA-IM,2025-11-01,Main,Consumption LMIS,Demographic,300929
DMPA-IM,2025-11-01,Main,Consumption LMIS,Consumption LMIS,216901
DMPA-IM,2025-12-01,Main,Consumption LMIS,Actual Consumption,126777
DMPA-IM,2025-12-01,Main,Consumption LMIS,Service Excel,NA
DMPA-IM,2025-12-01,Main,Consumption LMIS,Service AI,212060
DMPA-IM,2025-12-01,Main,Consumption LMIS,Consumption Excel,NA
DMPA-IM,2025-12-01,Main,Consumption LMIS,Consumption AI,204791
DMPA-IM,2025-12-01,Main,Consumption LMIS,Demographic,300929
DMPA-IM,2025-12-01,Main,Consumption LMIS,Consumption LMIS,216901
DMPA-IM,2026-01-01,Main,Consumption LMIS,Actual Consumption,116237
DMPA-IM,2026-01-01,Main,Consumption LMIS,Service Excel,NA
DMPA-IM,2026-01-01,Main,Consumption LMIS,Service AI,214110
DMPA-IM,2026-01-01,Main,Consumption LMIS,Consumption Excel,NA
DMPA-IM,2026-01-01,Main,Consumption LMIS,Consumption AI,198416
DMPA-IM,2026-01-01,Main,Consumption LMIS,Demographic,300929
DMPA-IM,2026-01-01,Main,Consumption LMIS,Consumption LMIS,216901
DMPA-IM,2026-02-01,Main,Consumption LMIS,Actual Consumption,102886
DMPA-IM,2026-02-01,Main,Consumption LMIS,Service Excel,NA
DMPA-IM,2026-02-01,Main,Consumption LMIS,Service AI,203448
DMPA-IM,2026-02-01,Main,Consumption LMIS,Consumption Excel,NA
DMPA-IM,2026-02-01,Main,Consumption LMIS,Consumption AI,188675
DMPA-IM,2026-02-01,Main,Consumption LMIS,Demographic,300929
DMPA-IM,2026-02-01,Main,Consumption LMIS,Consumption LMIS,216901
DMPA-IM,2026-03-01,Main,Consumption LMIS,Actual Consumption,96086
DMPA-IM,2026-03-01,Main,Consumption LMIS,Service Excel,NA
DMPA-IM,2026-03-01,Main,Consumption LMIS,Service AI,199631
DMPA-IM,2026-03-01,Main,Consumption LMIS,Consumption Excel,NA
DMPA-IM,2026-03-01,Main,Consumption LMIS,Consumption AI,189329
DMPA-IM,2026-03-01,Main,Consumption LMIS,Demographic,300929
DMPA-IM,2026-03-01,Main,Consumption LMIS,Consumption LMIS,216901
DMPA-IM,2026-04-01,Main,Consumption LMIS,Actual Consumption,88918
DMPA-IM,2026-04-01,Main,Consumption LMIS,Service Excel,NA
DMPA-IM,2026-04-01,Main,Consumption LMIS,Service AI,208776
DMPA-IM,2026-04-01,Main,Consumption LMIS,Consumption Excel,NA
DMPA-IM,2026-04-01,Main,Consumption LMIS,Consumption AI,198266
DMPA-IM,2026-04-01,Main,Consumption LMIS,Demographic,300929
DMPA-IM,2026-04-01,Main,Consumption LMIS,Consumption LMIS,216901
DMPA-IM,2026-05-01,Main,Consumption LMIS,Actual Consumption,75764
DMPA-IM,2026-05-01,Main,Consumption LMIS,Service Excel,NA
DMPA-IM,2026-05-01,Main,Consumption LMIS,Service AI,205153
DMPA-IM,2026-05-01,Main,Consumption LMIS,Consumption Excel,NA
DMPA-IM,2026-05-01,Main,Consumption LMIS,Consumption AI,197448
DMPA-IM,2026-05-01,Main,Consumption LMIS,Demographic,300929
DMPA-IM,2026-05-01,Main,Consumption LMIS,Consumption LMIS,216901
DMPA-IM,2026-06-01,Main,Consumption LMIS,Actual Consumption,71933
DMPA-IM,2026-06-01,Main,Consumption LMIS,Service Excel,NA
DMPA-IM,2026-06-01,Main,Consumption LMIS,Service AI,207711
DMPA-IM,2026-06-01,Main,Consumption LMIS,Consumption Excel,NA
DMPA-IM,2026-06-01,Main,Consumption LMIS,Consumption AI,195918
DMPA-IM,2026-06-01,Main,Consumption LMIS,Demographic,300929
DMPA-IM,2026-06-01,Main,Consumption LMIS,Consumption LMIS,216901
DMPA-SC,2023-07-01,Main,Demographic,Actual Consumption,18663
DMPA-SC,2023-07-01,Main,Demographic,Service Excel,4301
DMPA-SC,2023-07-01,Main,Demographic,Service AI,5145
DMPA-SC,2023-07-01,Main,Demographic,Consumption Excel,2141
DMPA-SC,2023-07-01,Main,Demographic,Consumption AI,1976
DMPA-SC,2023-07-01,Main,Demographic,Demographic,71888
DMPA-SC,2023-07-01,Main,Demographic,Consumption LMIS,NA
DMPA-SC,2023-08-01,Main,Demographic,Actual Consumption,24493
DMPA-SC,2023-08-01,Main,Demographic,Service Excel,4301
DMPA-SC,2023-08-01,Main,Demographic,Service AI,5231
DMPA-SC,2023-08-01,Main,Demographic,Consumption Excel,2141
DMPA-SC,2023-08-01,Main,Demographic,Consumption AI,2040
DMPA-SC,2023-08-01,Main,Demographic,Demographic,71888
DMPA-SC,2023-08-01,Main,Demographic,Consumption LMIS,NA
DMPA-SC,2023-09-01,Main,Demographic,Actual Consumption,29549
DMPA-SC,2023-09-01,Main,Demographic,Service Excel,4301
DMPA-SC,2023-09-01,Main,Demographic,Service AI,5320
DMPA-SC,2023-09-01,Main,Demographic,Consumption Excel,2141
DMPA-SC,2023-09-01,Main,Demographic,Consumption AI,2087
DMPA-SC,2023-09-01,Main,Demographic,Demographic,71888
DMPA-SC,2023-09-01,Main,Demographic,Consumption LMIS,NA
DMPA-SC,2023-10-01,Main,Demographic,Actual Consumption,33595
DMPA-SC,2023-10-01,Main,Demographic,Service Excel,4301
DMPA-SC,2023-10-01,Main,Demographic,Service AI,5406
DMPA-SC,2023-10-01,Main,Demographic,Consumption Excel,2141
DMPA-SC,2023-10-01,Main,Demographic,Consumption AI,2100
DMPA-SC,2023-10-01,Main,Demographic,Demographic,71888
DMPA-SC,2023-10-01,Main,Demographic,Consumption LMIS,NA
DMPA-SC,2023-11-01,Main,Demographic,Actual Consumption,36336
DMPA-SC,2023-11-01,Main,Demographic,Service Excel,4301
DMPA-SC,2023-11-01,Main,Demographic,Service AI,5495
DMPA-SC,2023-11-01,Main,Demographic,Consumption Excel,2141
DMPA-SC,2023-11-01,Main,Demographic,Consumption AI,2184
DMPA-SC,2023-11-01,Main,Demographic,Demographic,71888
DMPA-SC,2023-11-01,Main,Demographic,Consumption LMIS,NA
DMPA-SC,2023-12-01,Main,Demographic,Actual Consumption,37892
DMPA-SC,2023-12-01,Main,Demographic,Service Excel,4301
DMPA-SC,2023-12-01,Main,Demographic,Service AI,5584
DMPA-SC,2023-12-01,Main,Demographic,Consumption Excel,2141
DMPA-SC,2023-12-01,Main,Demographic,Consumption AI,2222
DMPA-SC,2023-12-01,Main,Demographic,Demographic,71888
DMPA-SC,2023-12-01,Main,Demographic,Consumption LMIS,NA
DMPA-SC,2024-01-01,Main,Demographic,Actual Consumption,48538
DMPA-SC,2024-01-01,Main,Demographic,Service Excel,4301
DMPA-SC,2024-01-01,Main,Demographic,Service AI,5670
DMPA-SC,2024-01-01,Main,Demographic,Consumption Excel,2141
DMPA-SC,2024-01-01,Main,Demographic,Consumption AI,2275
DMPA-SC,2024-01-01,Main,Demographic,Demographic,71888
DMPA-SC,2024-01-01,Main,Demographic,Consumption LMIS,NA
DMPA-SC,2024-02-01,Main,Demographic,Actual Consumption,46835
DMPA-SC,2024-02-01,Main,Demographic,Service Excel,4301
DMPA-SC,2024-02-01,Main,Demographic,Service AI,5759
DMPA-SC,2024-02-01,Main,Demographic,Consumption Excel,2141
DMPA-SC,2024-02-01,Main,Demographic,Consumption AI,2349
DMPA-SC,2024-02-01,Main,Demographic,Demographic,71888
DMPA-SC,2024-02-01,Main,Demographic,Consumption LMIS,NA
DMPA-SC,2024-03-01,Main,Demographic,Actual Consumption,43184
DMPA-SC,2024-03-01,Main,Demographic,Service Excel,4301
DMPA-SC,2024-03-01,Main,Demographic,Service AI,5845
DMPA-SC,2024-03-01,Main,Demographic,Consumption Excel,2141
DMPA-SC,2024-03-01,Main,Demographic,Consumption AI,2402
DMPA-SC,2024-03-01,Main,Demographic,Demographic,71888
DMPA-SC,2024-03-01,Main,Demographic,Consumption LMIS,NA
DMPA-SC,2024-04-01,Main,Demographic,Actual Consumption,42977
DMPA-SC,2024-04-01,Main,Demographic,Service Excel,4301
DMPA-SC,2024-04-01,Main,Demographic,Service AI,5934
DMPA-SC,2024-04-01,Main,Demographic,Consumption Excel,2141
DMPA-SC,2024-04-01,Main,Demographic,Consumption AI,2438
DMPA-SC,2024-04-01,Main,Demographic,Demographic,71888
DMPA-SC,2024-04-01,Main,Demographic,Consumption LMIS,NA
DMPA-SC,2024-05-01,Main,Demographic,Actual Consumption,49097
DMPA-SC,2024-05-01,Main,Demographic,Service Excel,4301
DMPA-SC,2024-05-01,Main,Demographic,Service AI,6023
DMPA-SC,2024-05-01,Main,Demographic,Consumption Excel,2141
DMPA-SC,2024-05-01,Main,Demographic,Consumption AI,2496
DMPA-SC,2024-05-01,Main,Demographic,Demographic,71888
DMPA-SC,2024-05-01,Main,Demographic,Consumption LMIS,NA
DMPA-SC,2024-06-01,Main,Demographic,Actual Consumption,47927
DMPA-SC,2024-06-01,Main,Demographic,Service Excel,4301
DMPA-SC,2024-06-01,Main,Demographic,Service AI,6106
DMPA-SC,2024-06-01,Main,Demographic,Consumption Excel,2141
DMPA-SC,2024-06-01,Main,Demographic,Consumption AI,2555
DMPA-SC,2024-06-01,Main,Demographic,Demographic,71888
DMPA-SC,2024-06-01,Main,Demographic,Consumption LMIS,NA
DMPA-SC,2024-07-01,Main,Demographic,Actual Consumption,56685
DMPA-SC,2024-07-01,Main,Demographic,Service Excel,22720
DMPA-SC,2024-07-01,Main,Demographic,Service AI,35488
DMPA-SC,2024-07-01,Main,Demographic,Consumption Excel,40434
DMPA-SC,2024-07-01,Main,Demographic,Consumption AI,34550
DMPA-SC,2024-07-01,Main,Demographic,Demographic,71764
DMPA-SC,2024-07-01,Main,Demographic,Consumption LMIS,NA
DMPA-SC,2024-08-01,Main,Demographic,Actual Consumption,58686
DMPA-SC,2024-08-01,Main,Demographic,Service Excel,22720
DMPA-SC,2024-08-01,Main,Demographic,Service AI,35488
DMPA-SC,2024-08-01,Main,Demographic,Consumption Excel,40434
DMPA-SC,2024-08-01,Main,Demographic,Consumption AI,34550
DMPA-SC,2024-08-01,Main,Demographic,Demographic,71764
DMPA-SC,2024-08-01,Main,Demographic,Consumption LMIS,NA
DMPA-SC,2024-09-01,Main,Demographic,Actual Consumption,62225
DMPA-SC,2024-09-01,Main,Demographic,Service Excel,22720
DMPA-SC,2024-09-01,Main,Demographic,Service AI,35488
DMPA-SC,2024-09-01,Main,Demographic,Consumption Excel,40434
DMPA-SC,2024-09-01,Main,Demographic,Consumption AI,34550
DMPA-SC,2024-09-01,Main,Demographic,Demographic,71764
DMPA-SC,2024-09-01,Main,Demographic,Consumption LMIS,NA
DMPA-SC,2024-10-01,Main,Demographic,Actual Consumption,67348
DMPA-SC,2024-10-01,Main,Demographic,Service Excel,22720
DMPA-SC,2024-10-01,Main,Demographic,Service AI,35488
DMPA-SC,2024-10-01,Main,Demographic,Consumption Excel,40434
DMPA-SC,2024-10-01,Main,Demographic,Consumption AI,34550
DMPA-SC,2024-10-01,Main,Demographic,Demographic,71764
DMPA-SC,2024-10-01,Main,Demographic,Consumption LMIS,NA
DMPA-SC,2024-11-01,Main,Demographic,Actual Consumption,57400
DMPA-SC,2024-11-01,Main,Demographic,Service Excel,22720
DMPA-SC,2024-11-01,Main,Demographic,Service AI,35488
DMPA-SC,2024-11-01,Main,Demographic,Consumption Excel,40434
DMPA-SC,2024-11-01,Main,Demographic,Consumption AI,34550
DMPA-SC,2024-11-01,Main,Demographic,Demographic,71764
DMPA-SC,2024-11-01,Main,Demographic,Consumption LMIS,NA
DMPA-SC,2024-12-01,Main,Demographic,Actual Consumption,54771
DMPA-SC,2024-12-01,Main,Demographic,Service Excel,22720
DMPA-SC,2024-12-01,Main,Demographic,Service AI,35488
DMPA-SC,2024-12-01,Main,Demographic,Consumption Excel,40434
DMPA-SC,2024-12-01,Main,Demographic,Consumption AI,34550
DMPA-SC,2024-12-01,Main,Demographic,Demographic,71764
DMPA-SC,2024-12-01,Main,Demographic,Consumption LMIS,NA
DMPA-SC,2025-01-01,Main,Demographic,Actual Consumption,55164
DMPA-SC,2025-01-01,Main,Demographic,Service Excel,22720
DMPA-SC,2025-01-01,Main,Demographic,Service AI,35488
DMPA-SC,2025-01-01,Main,Demographic,Consumption Excel,40434
DMPA-SC,2025-01-01,Main,Demographic,Consumption AI,34550
DMPA-SC,2025-01-01,Main,Demographic,Demographic,71764
DMPA-SC,2025-01-01,Main,Demographic,Consumption LMIS,NA
DMPA-SC,2025-02-01,Main,Demographic,Actual Consumption,48725
DMPA-SC,2025-02-01,Main,Demographic,Service Excel,22720
DMPA-SC,2025-02-01,Main,Demographic,Service AI,35488
DMPA-SC,2025-02-01,Main,Demographic,Consumption Excel,40434
DMPA-SC,2025-02-01,Main,Demographic,Consumption AI,34550
DMPA-SC,2025-02-01,Main,Demographic,Demographic,71764
DMPA-SC,2025-02-01,Main,Demographic,Consumption LMIS,NA
DMPA-SC,2025-03-01,Main,Demographic,Actual Consumption,45777
DMPA-SC,2025-03-01,Main,Demographic,Service Excel,22720
DMPA-SC,2025-03-01,Main,Demographic,Service AI,35488
DMPA-SC,2025-03-01,Main,Demographic,Consumption Excel,40434
DMPA-SC,2025-03-01,Main,Demographic,Consumption AI,34550
DMPA-SC,2025-03-01,Main,Demographic,Demographic,71764
DMPA-SC,2025-03-01,Main,Demographic,Consumption LMIS,NA
DMPA-SC,2025-04-01,Main,Demographic,Actual Consumption,44680
DMPA-SC,2025-04-01,Main,Demographic,Service Excel,22720
DMPA-SC,2025-04-01,Main,Demographic,Service AI,35488
DMPA-SC,2025-04-01,Main,Demographic,Consumption Excel,40434
DMPA-SC,2025-04-01,Main,Demographic,Consumption AI,34550
DMPA-SC,2025-04-01,Main,Demographic,Demographic,71764
DMPA-SC,2025-04-01,Main,Demographic,Consumption LMIS,NA
DMPA-SC,2025-05-01,Main,Demographic,Actual Consumption,49723
DMPA-SC,2025-05-01,Main,Demographic,Service Excel,22720
DMPA-SC,2025-05-01,Main,Demographic,Service AI,35488
DMPA-SC,2025-05-01,Main,Demographic,Consumption Excel,40434
DMPA-SC,2025-05-01,Main,Demographic,Consumption AI,34550
DMPA-SC,2025-05-01,Main,Demographic,Demographic,71764
DMPA-SC,2025-05-01,Main,Demographic,Consumption LMIS,NA
DMPA-SC,2025-06-01,Main,Demographic,Actual Consumption,56461
DMPA-SC,2025-06-01,Main,Demographic,Service Excel,22720
DMPA-SC,2025-06-01,Main,Demographic,Service AI,35488
DMPA-SC,2025-06-01,Main,Demographic,Consumption Excel,40434
DMPA-SC,2025-06-01,Main,Demographic,Consumption AI,34550
DMPA-SC,2025-06-01,Main,Demographic,Demographic,71764
DMPA-SC,2025-06-01,Main,Demographic,Consumption LMIS,NA
DMPA-SC,2024-07-01,Review,Demographic,Actual Consumption,56685
DMPA-SC,2024-07-01,Review,Demographic,Service Excel,47258
DMPA-SC,2024-07-01,Review,Demographic,Service AI,71764
DMPA-SC,2024-07-01,Review,Demographic,Consumption Excel,47252
DMPA-SC,2024-07-01,Review,Demographic,Consumption AI,43969
DMPA-SC,2024-07-01,Review,Demographic,Demographic,66827
DMPA-SC,2024-07-01,Review,Demographic,Consumption LMIS,NA
DMPA-SC,2024-08-01,Review,Demographic,Actual Consumption,58686
DMPA-SC,2024-08-01,Review,Demographic,Service Excel,47258
DMPA-SC,2024-08-01,Review,Demographic,Service AI,71764
DMPA-SC,2024-08-01,Review,Demographic,Consumption Excel,47252
DMPA-SC,2024-08-01,Review,Demographic,Consumption AI,43969
DMPA-SC,2024-08-01,Review,Demographic,Demographic,66827
DMPA-SC,2024-08-01,Review,Demographic,Consumption LMIS,NA
DMPA-SC,2024-09-01,Review,Demographic,Actual Consumption,62225
DMPA-SC,2024-09-01,Review,Demographic,Service Excel,47258
DMPA-SC,2024-09-01,Review,Demographic,Service AI,71764
DMPA-SC,2024-09-01,Review,Demographic,Consumption Excel,47252
DMPA-SC,2024-09-01,Review,Demographic,Consumption AI,43969
DMPA-SC,2024-09-01,Review,Demographic,Demographic,66827
DMPA-SC,2024-09-01,Review,Demographic,Consumption LMIS,NA
DMPA-SC,2024-10-01,Review,Demographic,Actual Consumption,67348
DMPA-SC,2024-10-01,Review,Demographic,Service Excel,47258
DMPA-SC,2024-10-01,Review,Demographic,Service AI,71764
DMPA-SC,2024-10-01,Review,Demographic,Consumption Excel,47252
DMPA-SC,2024-10-01,Review,Demographic,Consumption AI,43969
DMPA-SC,2024-10-01,Review,Demographic,Demographic,66827
DMPA-SC,2024-10-01,Review,Demographic,Consumption LMIS,NA
DMPA-SC,2024-11-01,Review,Demographic,Actual Consumption,57400
DMPA-SC,2024-11-01,Review,Demographic,Service Excel,47258
DMPA-SC,2024-11-01,Review,Demographic,Service AI,71764
DMPA-SC,2024-11-01,Review,Demographic,Consumption Excel,47252
DMPA-SC,2024-11-01,Review,Demographic,Consumption AI,43969
DMPA-SC,2024-11-01,Review,Demographic,Demographic,66827
DMPA-SC,2024-11-01,Review,Demographic,Consumption LMIS,NA
DMPA-SC,2024-12-01,Review,Demographic,Actual Consumption,54771
DMPA-SC,2024-12-01,Review,Demographic,Service Excel,47258
DMPA-SC,2024-12-01,Review,Demographic,Service AI,71764
DMPA-SC,2024-12-01,Review,Demographic,Consumption Excel,47252
DMPA-SC,2024-12-01,Review,Demographic,Consumption AI,43969
DMPA-SC,2024-12-01,Review,Demographic,Demographic,66827
DMPA-SC,2024-12-01,Review,Demographic,Consumption LMIS,NA
DMPA-SC,2025-01-01,Review,Demographic,Actual Consumption,55164
DMPA-SC,2025-01-01,Review,Demographic,Service Excel,47258
DMPA-SC,2025-01-01,Review,Demographic,Service AI,71764
DMPA-SC,2025-01-01,Review,Demographic,Consumption Excel,47252
DMPA-SC,2025-01-01,Review,Demographic,Consumption AI,43969
DMPA-SC,2025-01-01,Review,Demographic,Demographic,66827
DMPA-SC,2025-01-01,Review,Demographic,Consumption LMIS,NA
DMPA-SC,2025-02-01,Review,Demographic,Actual Consumption,48725
DMPA-SC,2025-02-01,Review,Demographic,Service Excel,47258
DMPA-SC,2025-02-01,Review,Demographic,Service AI,71764
DMPA-SC,2025-02-01,Review,Demographic,Consumption Excel,47252
DMPA-SC,2025-02-01,Review,Demographic,Consumption AI,43969
DMPA-SC,2025-02-01,Review,Demographic,Demographic,66827
DMPA-SC,2025-02-01,Review,Demographic,Consumption LMIS,NA
DMPA-SC,2025-03-01,Review,Demographic,Actual Consumption,45777
DMPA-SC,2025-03-01,Review,Demographic,Service Excel,47258
DMPA-SC,2025-03-01,Review,Demographic,Service AI,71764
DMPA-SC,2025-03-01,Review,Demographic,Consumption Excel,47252
DMPA-SC,2025-03-01,Review,Demographic,Consumption AI,43969
DMPA-SC,2025-03-01,Review,Demographic,Demographic,66827
DMPA-SC,2025-03-01,Review,Demographic,Consumption LMIS,NA
DMPA-SC,2025-04-01,Review,Demographic,Actual Consumption,44680
DMPA-SC,2025-04-01,Review,Demographic,Service Excel,47258
DMPA-SC,2025-04-01,Review,Demographic,Service AI,71764
DMPA-SC,2025-04-01,Review,Demographic,Consumption Excel,47252
DMPA-SC,2025-04-01,Review,Demographic,Consumption AI,43969
DMPA-SC,2025-04-01,Review,Demographic,Demographic,66827
DMPA-SC,2025-04-01,Review,Demographic,Consumption LMIS,NA
DMPA-SC,2025-05-01,Review,Demographic,Actual Consumption,49723
DMPA-SC,2025-05-01,Review,Demographic,Service Excel,47258
DMPA-SC,2025-05-01,Review,Demographic,Service AI,71764
DMPA-SC,2025-05-01,Review,Demographic,Consumption Excel,47252
DMPA-SC,2025-05-01,Review,Demographic,Consumption AI,43969
DMPA-SC,2025-05-01,Review,Demographic,Demographic,66827
DMPA-SC,2025-05-01,Review,Demographic,Consumption LMIS,NA
DMPA-SC,2025-06-01,Review,Demographic,Actual Consumption,56461
DMPA-SC,2025-06-01,Review,Demographic,Service Excel,47258
DMPA-SC,2025-06-01,Review,Demographic,Service AI,71764
DMPA-SC,2025-06-01,Review,Demographic,Consumption Excel,47252
DMPA-SC,2025-06-01,Review,Demographic,Consumption AI,43969
DMPA-SC,2025-06-01,Review,Demographic,Demographic,66827
DMPA-SC,2025-06-01,Review,Demographic,Consumption LMIS,NA
DMPA-SC,2025-07-01,Main,Service AI,Actual Consumption,64513
DMPA-SC,2025-07-01,Main,Service AI,Service Excel,NA
DMPA-SC,2025-07-01,Main,Service AI,Service AI,51912
DMPA-SC,2025-07-01,Main,Service AI,Consumption Excel,NA
DMPA-SC,2025-07-01,Main,Service AI,Consumption AI,54391
DMPA-SC,2025-07-01,Main,Service AI,Demographic,128969.5
DMPA-SC,2025-07-01,Main,Service AI,Consumption LMIS,76857
DMPA-SC,2025-08-01,Main,Service AI,Actual Consumption,56621
DMPA-SC,2025-08-01,Main,Service AI,Service Excel,NA
DMPA-SC,2025-08-01,Main,Service AI,Service AI,52571
DMPA-SC,2025-08-01,Main,Service AI,Consumption Excel,NA
DMPA-SC,2025-08-01,Main,Service AI,Consumption AI,57034
DMPA-SC,2025-08-01,Main,Service AI,Demographic,128969.5
DMPA-SC,2025-08-01,Main,Service AI,Consumption LMIS,76857
DMPA-SC,2025-09-01,Main,Service AI,Actual Consumption,70416
DMPA-SC,2025-09-01,Main,Service AI,Service Excel,NA
DMPA-SC,2025-09-01,Main,Service AI,Service AI,52571
DMPA-SC,2025-09-01,Main,Service AI,Consumption Excel,NA
DMPA-SC,2025-09-01,Main,Service AI,Consumption AI,57673
DMPA-SC,2025-09-01,Main,Service AI,Demographic,128969.5
DMPA-SC,2025-09-01,Main,Service AI,Consumption LMIS,76857
DMPA-SC,2025-10-01,Main,Service AI,Actual Consumption,72829
DMPA-SC,2025-10-01,Main,Service AI,Service Excel,NA
DMPA-SC,2025-10-01,Main,Service AI,Service AI,54713
DMPA-SC,2025-10-01,Main,Service AI,Consumption Excel,NA
DMPA-SC,2025-10-01,Main,Service AI,Consumption AI,59183
DMPA-SC,2025-10-01,Main,Service AI,Demographic,128969.5
DMPA-SC,2025-10-01,Main,Service AI,Consumption LMIS,76857
DMPA-SC,2025-11-01,Main,Service AI,Actual Consumption,76970
DMPA-SC,2025-11-01,Main,Service AI,Service Excel,NA
DMPA-SC,2025-11-01,Main,Service AI,Service AI,52571
DMPA-SC,2025-11-01,Main,Service AI,Consumption Excel,NA
DMPA-SC,2025-11-01,Main,Service AI,Consumption AI,52037
DMPA-SC,2025-11-01,Main,Service AI,Demographic,128969.5
DMPA-SC,2025-11-01,Main,Service AI,Consumption LMIS,76857
DMPA-SC,2025-12-01,Main,Service AI,Actual Consumption,90007
DMPA-SC,2025-12-01,Main,Service AI,Service Excel,NA
DMPA-SC,2025-12-01,Main,Service AI,Service AI,52070
DMPA-SC,2025-12-01,Main,Service AI,Consumption Excel,NA
DMPA-SC,2025-12-01,Main,Service AI,Consumption AI,52667
DMPA-SC,2025-12-01,Main,Service AI,Demographic,128969.5
DMPA-SC,2025-12-01,Main,Service AI,Consumption LMIS,76857
DMPA-SC,2026-01-01,Main,Service AI,Actual Consumption,97469
DMPA-SC,2026-01-01,Main,Service AI,Service Excel,NA
DMPA-SC,2026-01-01,Main,Service AI,Service AI,51842
DMPA-SC,2026-01-01,Main,Service AI,Consumption Excel,NA
DMPA-SC,2026-01-01,Main,Service AI,Consumption AI,50361
DMPA-SC,2026-01-01,Main,Service AI,Demographic,128969.5
DMPA-SC,2026-01-01,Main,Service AI,Consumption LMIS,76857
DMPA-SC,2026-02-01,Main,Service AI,Actual Consumption,97566
DMPA-SC,2026-02-01,Main,Service AI,Service Excel,NA
DMPA-SC,2026-02-01,Main,Service AI,Service AI,51842
DMPA-SC,2026-02-01,Main,Service AI,Consumption Excel,NA
DMPA-SC,2026-02-01,Main,Service AI,Consumption AI,51359
DMPA-SC,2026-02-01,Main,Service AI,Demographic,128969.5
DMPA-SC,2026-02-01,Main,Service AI,Consumption LMIS,76857
DMPA-SC,2026-03-01,Main,Service AI,Actual Consumption,118837
DMPA-SC,2026-03-01,Main,Service AI,Service Excel,NA
DMPA-SC,2026-03-01,Main,Service AI,Service AI,48126
DMPA-SC,2026-03-01,Main,Service AI,Consumption Excel,NA
DMPA-SC,2026-03-01,Main,Service AI,Consumption AI,46085
DMPA-SC,2026-03-01,Main,Service AI,Demographic,128969.5
DMPA-SC,2026-03-01,Main,Service AI,Consumption LMIS,76857
DMPA-SC,2026-04-01,Main,Service AI,Actual Consumption,114639
DMPA-SC,2026-04-01,Main,Service AI,Service Excel,NA
DMPA-SC,2026-04-01,Main,Service AI,Service AI,48296
DMPA-SC,2026-04-01,Main,Service AI,Consumption Excel,NA
DMPA-SC,2026-04-01,Main,Service AI,Consumption AI,45382
DMPA-SC,2026-04-01,Main,Service AI,Demographic,128969.5
DMPA-SC,2026-04-01,Main,Service AI,Consumption LMIS,76857
DMPA-SC,2026-05-01,Main,Service AI,Actual Consumption,98293
DMPA-SC,2026-05-01,Main,Service AI,Service Excel,NA
DMPA-SC,2026-05-01,Main,Service AI,Service AI,48773
DMPA-SC,2026-05-01,Main,Service AI,Consumption Excel,NA
DMPA-SC,2026-05-01,Main,Service AI,Consumption AI,49569
DMPA-SC,2026-05-01,Main,Service AI,Demographic,128969.5
DMPA-SC,2026-05-01,Main,Service AI,Consumption LMIS,76857
DMPA-SC,2026-06-01,Main,Service AI,Actual Consumption,91973
DMPA-SC,2026-06-01,Main,Service AI,Service Excel,NA
DMPA-SC,2026-06-01,Main,Service AI,Service AI,52305
DMPA-SC,2026-06-01,Main,Service AI,Consumption Excel,NA
DMPA-SC,2026-06-01,Main,Service AI,Consumption AI,55480
DMPA-SC,2026-06-01,Main,Service AI,Demographic,128969.5
DMPA-SC,2026-06-01,Main,Service AI,Consumption LMIS,76857
Hormonal IUCD,2023-07-01,Main,Demographic,Actual Consumption,1367
Hormonal IUCD,2023-07-01,Main,Demographic,Service Excel,960
Hormonal IUCD,2023-07-01,Main,Demographic,Service AI,1616
Hormonal IUCD,2023-07-01,Main,Demographic,Consumption Excel,4248
Hormonal IUCD,2023-07-01,Main,Demographic,Consumption AI,1526
Hormonal IUCD,2023-07-01,Main,Demographic,Demographic,2645
Hormonal IUCD,2023-07-01,Main,Demographic,Consumption LMIS,NA
Hormonal IUCD,2023-08-01,Main,Demographic,Actual Consumption,873
Hormonal IUCD,2023-08-01,Main,Demographic,Service Excel,960
Hormonal IUCD,2023-08-01,Main,Demographic,Service AI,1653
Hormonal IUCD,2023-08-01,Main,Demographic,Consumption Excel,4248
Hormonal IUCD,2023-08-01,Main,Demographic,Consumption AI,1518
Hormonal IUCD,2023-08-01,Main,Demographic,Demographic,2645
Hormonal IUCD,2023-08-01,Main,Demographic,Consumption LMIS,NA
Hormonal IUCD,2023-09-01,Main,Demographic,Actual Consumption,708
Hormonal IUCD,2023-09-01,Main,Demographic,Service Excel,960
Hormonal IUCD,2023-09-01,Main,Demographic,Service AI,1646
Hormonal IUCD,2023-09-01,Main,Demographic,Consumption Excel,4248
Hormonal IUCD,2023-09-01,Main,Demographic,Consumption AI,1522
Hormonal IUCD,2023-09-01,Main,Demographic,Demographic,2645
Hormonal IUCD,2023-09-01,Main,Demographic,Consumption LMIS,NA
Hormonal IUCD,2023-10-01,Main,Demographic,Actual Consumption,743
Hormonal IUCD,2023-10-01,Main,Demographic,Service Excel,960
Hormonal IUCD,2023-10-01,Main,Demographic,Service AI,1644
Hormonal IUCD,2023-10-01,Main,Demographic,Consumption Excel,4248
Hormonal IUCD,2023-10-01,Main,Demographic,Consumption AI,1550
Hormonal IUCD,2023-10-01,Main,Demographic,Demographic,2645
Hormonal IUCD,2023-10-01,Main,Demographic,Consumption LMIS,NA
Hormonal IUCD,2023-11-01,Main,Demographic,Actual Consumption,686
Hormonal IUCD,2023-11-01,Main,Demographic,Service Excel,960
Hormonal IUCD,2023-11-01,Main,Demographic,Service AI,1696
Hormonal IUCD,2023-11-01,Main,Demographic,Consumption Excel,4248
Hormonal IUCD,2023-11-01,Main,Demographic,Consumption AI,1617
Hormonal IUCD,2023-11-01,Main,Demographic,Demographic,2645
Hormonal IUCD,2023-11-01,Main,Demographic,Consumption LMIS,NA
Hormonal IUCD,2023-12-01,Main,Demographic,Actual Consumption,486
Hormonal IUCD,2023-12-01,Main,Demographic,Service Excel,960
Hormonal IUCD,2023-12-01,Main,Demographic,Service AI,1692
Hormonal IUCD,2023-12-01,Main,Demographic,Consumption Excel,4248
Hormonal IUCD,2023-12-01,Main,Demographic,Consumption AI,1550
Hormonal IUCD,2023-12-01,Main,Demographic,Demographic,2645
Hormonal IUCD,2023-12-01,Main,Demographic,Consumption LMIS,NA
Hormonal IUCD,2024-01-01,Main,Demographic,Actual Consumption,549
Hormonal IUCD,2024-01-01,Main,Demographic,Service Excel,960
Hormonal IUCD,2024-01-01,Main,Demographic,Service AI,1705
Hormonal IUCD,2024-01-01,Main,Demographic,Consumption Excel,4248
Hormonal IUCD,2024-01-01,Main,Demographic,Consumption AI,1620
Hormonal IUCD,2024-01-01,Main,Demographic,Demographic,2645
Hormonal IUCD,2024-01-01,Main,Demographic,Consumption LMIS,NA
Hormonal IUCD,2024-02-01,Main,Demographic,Actual Consumption,796
Hormonal IUCD,2024-02-01,Main,Demographic,Service Excel,960
Hormonal IUCD,2024-02-01,Main,Demographic,Service AI,1703
Hormonal IUCD,2024-02-01,Main,Demographic,Consumption Excel,4248
Hormonal IUCD,2024-02-01,Main,Demographic,Consumption AI,1672
Hormonal IUCD,2024-02-01,Main,Demographic,Demographic,2645
Hormonal IUCD,2024-02-01,Main,Demographic,Consumption LMIS,NA
Hormonal IUCD,2024-03-01,Main,Demographic,Actual Consumption,717
Hormonal IUCD,2024-03-01,Main,Demographic,Service Excel,960
Hormonal IUCD,2024-03-01,Main,Demographic,Service AI,1773
Hormonal IUCD,2024-03-01,Main,Demographic,Consumption Excel,4248
Hormonal IUCD,2024-03-01,Main,Demographic,Consumption AI,1697
Hormonal IUCD,2024-03-01,Main,Demographic,Demographic,2645
Hormonal IUCD,2024-03-01,Main,Demographic,Consumption LMIS,NA
Hormonal IUCD,2024-04-01,Main,Demographic,Actual Consumption,666
Hormonal IUCD,2024-04-01,Main,Demographic,Service Excel,960
Hormonal IUCD,2024-04-01,Main,Demographic,Service AI,1784
Hormonal IUCD,2024-04-01,Main,Demographic,Consumption Excel,4248
Hormonal IUCD,2024-04-01,Main,Demographic,Consumption AI,1679
Hormonal IUCD,2024-04-01,Main,Demographic,Demographic,2645
Hormonal IUCD,2024-04-01,Main,Demographic,Consumption LMIS,NA
Hormonal IUCD,2024-05-01,Main,Demographic,Actual Consumption,997
Hormonal IUCD,2024-05-01,Main,Demographic,Service Excel,960
Hormonal IUCD,2024-05-01,Main,Demographic,Service AI,1785
Hormonal IUCD,2024-05-01,Main,Demographic,Consumption Excel,4248
Hormonal IUCD,2024-05-01,Main,Demographic,Consumption AI,1755
Hormonal IUCD,2024-05-01,Main,Demographic,Demographic,2645
Hormonal IUCD,2024-05-01,Main,Demographic,Consumption LMIS,NA
Hormonal IUCD,2024-06-01,Main,Demographic,Actual Consumption,702
Hormonal IUCD,2024-06-01,Main,Demographic,Service Excel,960
Hormonal IUCD,2024-06-01,Main,Demographic,Service AI,1788
Hormonal IUCD,2024-06-01,Main,Demographic,Consumption Excel,4248
Hormonal IUCD,2024-06-01,Main,Demographic,Consumption AI,1754
Hormonal IUCD,2024-06-01,Main,Demographic,Demographic,2645
Hormonal IUCD,2024-06-01,Main,Demographic,Consumption LMIS,NA
Hormonal IUCD,2024-07-01,Main,Demographic,Actual Consumption,1082
Hormonal IUCD,2024-07-01,Main,Demographic,Service Excel,814
Hormonal IUCD,2024-07-01,Main,Demographic,Service AI,1291
Hormonal IUCD,2024-07-01,Main,Demographic,Consumption Excel,3708
Hormonal IUCD,2024-07-01,Main,Demographic,Consumption AI,781
Hormonal IUCD,2024-07-01,Main,Demographic,Demographic,998
Hormonal IUCD,2024-07-01,Main,Demographic,Consumption LMIS,NA
Hormonal IUCD,2024-08-01,Main,Demographic,Actual Consumption,1310
Hormonal IUCD,2024-08-01,Main,Demographic,Service Excel,814
Hormonal IUCD,2024-08-01,Main,Demographic,Service AI,1291
Hormonal IUCD,2024-08-01,Main,Demographic,Consumption Excel,3708
Hormonal IUCD,2024-08-01,Main,Demographic,Consumption AI,781
Hormonal IUCD,2024-08-01,Main,Demographic,Demographic,998
Hormonal IUCD,2024-08-01,Main,Demographic,Consumption LMIS,NA
Hormonal IUCD,2024-09-01,Main,Demographic,Actual Consumption,1403
Hormonal IUCD,2024-09-01,Main,Demographic,Service Excel,814
Hormonal IUCD,2024-09-01,Main,Demographic,Service AI,1291
Hormonal IUCD,2024-09-01,Main,Demographic,Consumption Excel,3708
Hormonal IUCD,2024-09-01,Main,Demographic,Consumption AI,781
Hormonal IUCD,2024-09-01,Main,Demographic,Demographic,998
Hormonal IUCD,2024-09-01,Main,Demographic,Consumption LMIS,NA
Hormonal IUCD,2024-10-01,Main,Demographic,Actual Consumption,1145
Hormonal IUCD,2024-10-01,Main,Demographic,Service Excel,814
Hormonal IUCD,2024-10-01,Main,Demographic,Service AI,1291
Hormonal IUCD,2024-10-01,Main,Demographic,Consumption Excel,3708
Hormonal IUCD,2024-10-01,Main,Demographic,Consumption AI,781
Hormonal IUCD,2024-10-01,Main,Demographic,Demographic,998
Hormonal IUCD,2024-10-01,Main,Demographic,Consumption LMIS,NA
Hormonal IUCD,2024-11-01,Main,Demographic,Actual Consumption,1044
Hormonal IUCD,2024-11-01,Main,Demographic,Service Excel,814
Hormonal IUCD,2024-11-01,Main,Demographic,Service AI,1291
Hormonal IUCD,2024-11-01,Main,Demographic,Consumption Excel,3708
Hormonal IUCD,2024-11-01,Main,Demographic,Consumption AI,781
Hormonal IUCD,2024-11-01,Main,Demographic,Demographic,998
Hormonal IUCD,2024-11-01,Main,Demographic,Consumption LMIS,NA
Hormonal IUCD,2024-12-01,Main,Demographic,Actual Consumption,876
Hormonal IUCD,2024-12-01,Main,Demographic,Service Excel,814
Hormonal IUCD,2024-12-01,Main,Demographic,Service AI,1291
Hormonal IUCD,2024-12-01,Main,Demographic,Consumption Excel,3708
Hormonal IUCD,2024-12-01,Main,Demographic,Consumption AI,781
Hormonal IUCD,2024-12-01,Main,Demographic,Demographic,998
Hormonal IUCD,2024-12-01,Main,Demographic,Consumption LMIS,NA
Hormonal IUCD,2025-01-01,Main,Demographic,Actual Consumption,1104
Hormonal IUCD,2025-01-01,Main,Demographic,Service Excel,814
Hormonal IUCD,2025-01-01,Main,Demographic,Service AI,1291
Hormonal IUCD,2025-01-01,Main,Demographic,Consumption Excel,3708
Hormonal IUCD,2025-01-01,Main,Demographic,Consumption AI,781
Hormonal IUCD,2025-01-01,Main,Demographic,Demographic,998
Hormonal IUCD,2025-01-01,Main,Demographic,Consumption LMIS,NA
Hormonal IUCD,2025-02-01,Main,Demographic,Actual Consumption,1247
Hormonal IUCD,2025-02-01,Main,Demographic,Service Excel,814
Hormonal IUCD,2025-02-01,Main,Demographic,Service AI,1291
Hormonal IUCD,2025-02-01,Main,Demographic,Consumption Excel,3708
Hormonal IUCD,2025-02-01,Main,Demographic,Consumption AI,781
Hormonal IUCD,2025-02-01,Main,Demographic,Demographic,998
Hormonal IUCD,2025-02-01,Main,Demographic,Consumption LMIS,NA
Hormonal IUCD,2025-03-01,Main,Demographic,Actual Consumption,863
Hormonal IUCD,2025-03-01,Main,Demographic,Service Excel,814
Hormonal IUCD,2025-03-01,Main,Demographic,Service AI,1291
Hormonal IUCD,2025-03-01,Main,Demographic,Consumption Excel,3708
Hormonal IUCD,2025-03-01,Main,Demographic,Consumption AI,781
Hormonal IUCD,2025-03-01,Main,Demographic,Demographic,998
Hormonal IUCD,2025-03-01,Main,Demographic,Consumption LMIS,NA
Hormonal IUCD,2025-04-01,Main,Demographic,Actual Consumption,874
Hormonal IUCD,2025-04-01,Main,Demographic,Service Excel,814
Hormonal IUCD,2025-04-01,Main,Demographic,Service AI,1291
Hormonal IUCD,2025-04-01,Main,Demographic,Consumption Excel,3708
Hormonal IUCD,2025-04-01,Main,Demographic,Consumption AI,781
Hormonal IUCD,2025-04-01,Main,Demographic,Demographic,998
Hormonal IUCD,2025-04-01,Main,Demographic,Consumption LMIS,NA
Hormonal IUCD,2025-05-01,Main,Demographic,Actual Consumption,943
Hormonal IUCD,2025-05-01,Main,Demographic,Service Excel,814
Hormonal IUCD,2025-05-01,Main,Demographic,Service AI,1291
Hormonal IUCD,2025-05-01,Main,Demographic,Consumption Excel,3708
Hormonal IUCD,2025-05-01,Main,Demographic,Consumption AI,781
Hormonal IUCD,2025-05-01,Main,Demographic,Demographic,998
Hormonal IUCD,2025-05-01,Main,Demographic,Consumption LMIS,NA
Hormonal IUCD,2025-06-01,Main,Demographic,Actual Consumption,1074
Hormonal IUCD,2025-06-01,Main,Demographic,Service Excel,814
Hormonal IUCD,2025-06-01,Main,Demographic,Service AI,1291
Hormonal IUCD,2025-06-01,Main,Demographic,Consumption Excel,3708
Hormonal IUCD,2025-06-01,Main,Demographic,Consumption AI,781
Hormonal IUCD,2025-06-01,Main,Demographic,Demographic,998
Hormonal IUCD,2025-06-01,Main,Demographic,Consumption LMIS,NA
Hormonal IUCD,2024-07-01,Review,Service AI,Actual Consumption,1082
Hormonal IUCD,2024-07-01,Review,Service AI,Service Excel,1304
Hormonal IUCD,2024-07-01,Review,Service AI,Service AI,998
Hormonal IUCD,2024-07-01,Review,Service AI,Consumption Excel,931
Hormonal IUCD,2024-07-01,Review,Service AI,Consumption AI,3195
Hormonal IUCD,2024-07-01,Review,Service AI,Demographic,194
Hormonal IUCD,2024-07-01,Review,Service AI,Consumption LMIS,NA
Hormonal IUCD,2024-08-01,Review,Service AI,Actual Consumption,1310
Hormonal IUCD,2024-08-01,Review,Service AI,Service Excel,1304
Hormonal IUCD,2024-08-01,Review,Service AI,Service AI,998
Hormonal IUCD,2024-08-01,Review,Service AI,Consumption Excel,931
Hormonal IUCD,2024-08-01,Review,Service AI,Consumption AI,3195
Hormonal IUCD,2024-08-01,Review,Service AI,Demographic,194
Hormonal IUCD,2024-08-01,Review,Service AI,Consumption LMIS,NA
Hormonal IUCD,2024-09-01,Review,Service AI,Actual Consumption,1403
Hormonal IUCD,2024-09-01,Review,Service AI,Service Excel,1304
Hormonal IUCD,2024-09-01,Review,Service AI,Service AI,998
Hormonal IUCD,2024-09-01,Review,Service AI,Consumption Excel,931
Hormonal IUCD,2024-09-01,Review,Service AI,Consumption AI,3195
Hormonal IUCD,2024-09-01,Review,Service AI,Demographic,194
Hormonal IUCD,2024-09-01,Review,Service AI,Consumption LMIS,NA
Hormonal IUCD,2024-10-01,Review,Service AI,Actual Consumption,1145
Hormonal IUCD,2024-10-01,Review,Service AI,Service Excel,1304
Hormonal IUCD,2024-10-01,Review,Service AI,Service AI,998
Hormonal IUCD,2024-10-01,Review,Service AI,Consumption Excel,931
Hormonal IUCD,2024-10-01,Review,Service AI,Consumption AI,3195
Hormonal IUCD,2024-10-01,Review,Service AI,Demographic,194
Hormonal IUCD,2024-10-01,Review,Service AI,Consumption LMIS,NA
Hormonal IUCD,2024-11-01,Review,Service AI,Actual Consumption,1044
Hormonal IUCD,2024-11-01,Review,Service AI,Service Excel,1304
Hormonal IUCD,2024-11-01,Review,Service AI,Service AI,998
Hormonal IUCD,2024-11-01,Review,Service AI,Consumption Excel,931
Hormonal IUCD,2024-11-01,Review,Service AI,Consumption AI,3195
Hormonal IUCD,2024-11-01,Review,Service AI,Demographic,194
Hormonal IUCD,2024-11-01,Review,Service AI,Consumption LMIS,NA
Hormonal IUCD,2024-12-01,Review,Service AI,Actual Consumption,876
Hormonal IUCD,2024-12-01,Review,Service AI,Service Excel,1304
Hormonal IUCD,2024-12-01,Review,Service AI,Service AI,998
Hormonal IUCD,2024-12-01,Review,Service AI,Consumption Excel,931
Hormonal IUCD,2024-12-01,Review,Service AI,Consumption AI,3195
Hormonal IUCD,2024-12-01,Review,Service AI,Demographic,194
Hormonal IUCD,2024-12-01,Review,Service AI,Consumption LMIS,NA
Hormonal IUCD,2025-01-01,Review,Service AI,Actual Consumption,1104
Hormonal IUCD,2025-01-01,Review,Service AI,Service Excel,1304
Hormonal IUCD,2025-01-01,Review,Service AI,Service AI,998
Hormonal IUCD,2025-01-01,Review,Service AI,Consumption Excel,931
Hormonal IUCD,2025-01-01,Review,Service AI,Consumption AI,3195
Hormonal IUCD,2025-01-01,Review,Service AI,Demographic,194
Hormonal IUCD,2025-01-01,Review,Service AI,Consumption LMIS,NA
Hormonal IUCD,2025-02-01,Review,Service AI,Actual Consumption,1247
Hormonal IUCD,2025-02-01,Review,Service AI,Service Excel,1304
Hormonal IUCD,2025-02-01,Review,Service AI,Service AI,998
Hormonal IUCD,2025-02-01,Review,Service AI,Consumption Excel,931
Hormonal IUCD,2025-02-01,Review,Service AI,Consumption AI,3195
Hormonal IUCD,2025-02-01,Review,Service AI,Demographic,194
Hormonal IUCD,2025-02-01,Review,Service AI,Consumption LMIS,NA
Hormonal IUCD,2025-03-01,Review,Service AI,Actual Consumption,863
Hormonal IUCD,2025-03-01,Review,Service AI,Service Excel,1304
Hormonal IUCD,2025-03-01,Review,Service AI,Service AI,998
Hormonal IUCD,2025-03-01,Review,Service AI,Consumption Excel,931
Hormonal IUCD,2025-03-01,Review,Service AI,Consumption AI,3195
Hormonal IUCD,2025-03-01,Review,Service AI,Demographic,194
Hormonal IUCD,2025-03-01,Review,Service AI,Consumption LMIS,NA
Hormonal IUCD,2025-04-01,Review,Service AI,Actual Consumption,874
Hormonal IUCD,2025-04-01,Review,Service AI,Service Excel,1304
Hormonal IUCD,2025-04-01,Review,Service AI,Service AI,998
Hormonal IUCD,2025-04-01,Review,Service AI,Consumption Excel,931
Hormonal IUCD,2025-04-01,Review,Service AI,Consumption AI,3195
Hormonal IUCD,2025-04-01,Review,Service AI,Demographic,194
Hormonal IUCD,2025-04-01,Review,Service AI,Consumption LMIS,NA
Hormonal IUCD,2025-05-01,Review,Service AI,Actual Consumption,943
Hormonal IUCD,2025-05-01,Review,Service AI,Service Excel,1304
Hormonal IUCD,2025-05-01,Review,Service AI,Service AI,998
Hormonal IUCD,2025-05-01,Review,Service AI,Consumption Excel,931
Hormonal IUCD,2025-05-01,Review,Service AI,Consumption AI,3195
Hormonal IUCD,2025-05-01,Review,Service AI,Demographic,194
Hormonal IUCD,2025-05-01,Review,Service AI,Consumption LMIS,NA
Hormonal IUCD,2025-06-01,Review,Service AI,Actual Consumption,1074
Hormonal IUCD,2025-06-01,Review,Service AI,Service Excel,1304
Hormonal IUCD,2025-06-01,Review,Service AI,Service AI,998
Hormonal IUCD,2025-06-01,Review,Service AI,Consumption Excel,931
Hormonal IUCD,2025-06-01,Review,Service AI,Consumption AI,3195
Hormonal IUCD,2025-06-01,Review,Service AI,Demographic,194
Hormonal IUCD,2025-06-01,Review,Service AI,Consumption LMIS,NA
Hormonal IUCD,2025-07-01,Main,Demographic,Actual Consumption,829
Hormonal IUCD,2025-07-01,Main,Demographic,Service Excel,NA
Hormonal IUCD,2025-07-01,Main,Demographic,Service AI,1590
Hormonal IUCD,2025-07-01,Main,Demographic,Consumption Excel,NA
Hormonal IUCD,2025-07-01,Main,Demographic,Consumption AI,1199
Hormonal IUCD,2025-07-01,Main,Demographic,Demographic,991.3333333
Hormonal IUCD,2025-07-01,Main,Demographic,Consumption LMIS,4037
Hormonal IUCD,2025-08-01,Main,Demographic,Actual Consumption,817
Hormonal IUCD,2025-08-01,Main,Demographic,Service Excel,NA
Hormonal IUCD,2025-08-01,Main,Demographic,Service AI,1570
Hormonal IUCD,2025-08-01,Main,Demographic,Consumption Excel,NA
Hormonal IUCD,2025-08-01,Main,Demographic,Consumption AI,1198
Hormonal IUCD,2025-08-01,Main,Demographic,Demographic,991.3333333
Hormonal IUCD,2025-08-01,Main,Demographic,Consumption LMIS,4037
Hormonal IUCD,2025-09-01,Main,Demographic,Actual Consumption,943
Hormonal IUCD,2025-09-01,Main,Demographic,Service Excel,NA
Hormonal IUCD,2025-09-01,Main,Demographic,Service AI,1546
Hormonal IUCD,2025-09-01,Main,Demographic,Consumption Excel,NA
Hormonal IUCD,2025-09-01,Main,Demographic,Consumption AI,1544
Hormonal IUCD,2025-09-01,Main,Demographic,Demographic,991.3333333
Hormonal IUCD,2025-09-01,Main,Demographic,Consumption LMIS,4037
Hormonal IUCD,2025-10-01,Main,Demographic,Actual Consumption,928
Hormonal IUCD,2025-10-01,Main,Demographic,Service Excel,NA
Hormonal IUCD,2025-10-01,Main,Demographic,Service AI,1645
Hormonal IUCD,2025-10-01,Main,Demographic,Consumption Excel,NA
Hormonal IUCD,2025-10-01,Main,Demographic,Consumption AI,1176
Hormonal IUCD,2025-10-01,Main,Demographic,Demographic,991.3333333
Hormonal IUCD,2025-10-01,Main,Demographic,Consumption LMIS,4037
Hormonal IUCD,2025-11-01,Main,Demographic,Actual Consumption,933
Hormonal IUCD,2025-11-01,Main,Demographic,Service Excel,NA
Hormonal IUCD,2025-11-01,Main,Demographic,Service AI,1666
Hormonal IUCD,2025-11-01,Main,Demographic,Consumption Excel,NA
Hormonal IUCD,2025-11-01,Main,Demographic,Consumption AI,1125
Hormonal IUCD,2025-11-01,Main,Demographic,Demographic,991.3333333
Hormonal IUCD,2025-11-01,Main,Demographic,Consumption LMIS,4037
Hormonal IUCD,2025-12-01,Main,Demographic,Actual Consumption,947
Hormonal IUCD,2025-12-01,Main,Demographic,Service Excel,NA
Hormonal IUCD,2025-12-01,Main,Demographic,Service AI,1443
Hormonal IUCD,2025-12-01,Main,Demographic,Consumption Excel,NA
Hormonal IUCD,2025-12-01,Main,Demographic,Consumption AI,955
Hormonal IUCD,2025-12-01,Main,Demographic,Demographic,991.3333333
Hormonal IUCD,2025-12-01,Main,Demographic,Consumption LMIS,4037
Hormonal IUCD,2026-01-01,Main,Demographic,Actual Consumption,843
Hormonal IUCD,2026-01-01,Main,Demographic,Service Excel,NA
Hormonal IUCD,2026-01-01,Main,Demographic,Service AI,1509
Hormonal IUCD,2026-01-01,Main,Demographic,Consumption Excel,NA
Hormonal IUCD,2026-01-01,Main,Demographic,Consumption AI,975
Hormonal IUCD,2026-01-01,Main,Demographic,Demographic,991.3333333
Hormonal IUCD,2026-01-01,Main,Demographic,Consumption LMIS,4037
Hormonal IUCD,2026-02-01,Main,Demographic,Actual Consumption,1127
Hormonal IUCD,2026-02-01,Main,Demographic,Service Excel,NA
Hormonal IUCD,2026-02-01,Main,Demographic,Service AI,1530
Hormonal IUCD,2026-02-01,Main,Demographic,Consumption Excel,NA
Hormonal IUCD,2026-02-01,Main,Demographic,Consumption AI,1054
Hormonal IUCD,2026-02-01,Main,Demographic,Demographic,991.3333333
Hormonal IUCD,2026-02-01,Main,Demographic,Consumption LMIS,4037
Hormonal IUCD,2026-03-01,Main,Demographic,Actual Consumption,1107
Hormonal IUCD,2026-03-01,Main,Demographic,Service Excel,NA
Hormonal IUCD,2026-03-01,Main,Demographic,Service AI,1497
Hormonal IUCD,2026-03-01,Main,Demographic,Consumption Excel,NA
Hormonal IUCD,2026-03-01,Main,Demographic,Consumption AI,1144
Hormonal IUCD,2026-03-01,Main,Demographic,Demographic,991.3333333
Hormonal IUCD,2026-03-01,Main,Demographic,Consumption LMIS,4037
Hormonal IUCD,2026-04-01,Main,Demographic,Actual Consumption,1571
Hormonal IUCD,2026-04-01,Main,Demographic,Service Excel,NA
Hormonal IUCD,2026-04-01,Main,Demographic,Service AI,1522
Hormonal IUCD,2026-04-01,Main,Demographic,Consumption Excel,NA
Hormonal IUCD,2026-04-01,Main,Demographic,Consumption AI,987
Hormonal IUCD,2026-04-01,Main,Demographic,Demographic,991.3333333
Hormonal IUCD,2026-04-01,Main,Demographic,Consumption LMIS,4037
Hormonal IUCD,2026-05-01,Main,Demographic,Actual Consumption,1108
Hormonal IUCD,2026-05-01,Main,Demographic,Service Excel,NA
Hormonal IUCD,2026-05-01,Main,Demographic,Service AI,1554
Hormonal IUCD,2026-05-01,Main,Demographic,Consumption Excel,NA
Hormonal IUCD,2026-05-01,Main,Demographic,Consumption AI,1014
Hormonal IUCD,2026-05-01,Main,Demographic,Demographic,991.3333333
Hormonal IUCD,2026-05-01,Main,Demographic,Consumption LMIS,4037
Hormonal IUCD,2026-06-01,Main,Demographic,Actual Consumption,1450
Hormonal IUCD,2026-06-01,Main,Demographic,Service Excel,NA
Hormonal IUCD,2026-06-01,Main,Demographic,Service AI,1575
Hormonal IUCD,2026-06-01,Main,Demographic,Consumption Excel,NA
Hormonal IUCD,2026-06-01,Main,Demographic,Consumption AI,939
Hormonal IUCD,2026-06-01,Main,Demographic,Demographic,991.3333333
Hormonal IUCD,2026-06-01,Main,Demographic,Consumption LMIS,4037
Non-Hormonal IUCD,2023-07-01,Main,Service AI,Actual Consumption,6544
Non-Hormonal IUCD,2023-07-01,Main,Service AI,Service Excel,7426
Non-Hormonal IUCD,2023-07-01,Main,Service AI,Service AI,7407
Non-Hormonal IUCD,2023-07-01,Main,Service AI,Consumption Excel,7043
Non-Hormonal IUCD,2023-07-01,Main,Service AI,Consumption AI,6383
Non-Hormonal IUCD,2023-07-01,Main,Service AI,Demographic,18848
Non-Hormonal IUCD,2023-07-01,Main,Service AI,Consumption LMIS,NA
Non-Hormonal IUCD,2023-08-01,Main,Service AI,Actual Consumption,7209
Non-Hormonal IUCD,2023-08-01,Main,Service AI,Service Excel,7426
Non-Hormonal IUCD,2023-08-01,Main,Service AI,Service AI,7588
Non-Hormonal IUCD,2023-08-01,Main,Service AI,Consumption Excel,7043
Non-Hormonal IUCD,2023-08-01,Main,Service AI,Consumption AI,6463
Non-Hormonal IUCD,2023-08-01,Main,Service AI,Demographic,18848
Non-Hormonal IUCD,2023-08-01,Main,Service AI,Consumption LMIS,NA
Non-Hormonal IUCD,2023-09-01,Main,Service AI,Actual Consumption,6997
Non-Hormonal IUCD,2023-09-01,Main,Service AI,Service Excel,7426
Non-Hormonal IUCD,2023-09-01,Main,Service AI,Service AI,7666
Non-Hormonal IUCD,2023-09-01,Main,Service AI,Consumption Excel,7043
Non-Hormonal IUCD,2023-09-01,Main,Service AI,Consumption AI,8536
Non-Hormonal IUCD,2023-09-01,Main,Service AI,Demographic,18848
Non-Hormonal IUCD,2023-09-01,Main,Service AI,Consumption LMIS,NA
Non-Hormonal IUCD,2023-10-01,Main,Service AI,Actual Consumption,6987
Non-Hormonal IUCD,2023-10-01,Main,Service AI,Service Excel,7426
Non-Hormonal IUCD,2023-10-01,Main,Service AI,Service AI,7820
Non-Hormonal IUCD,2023-10-01,Main,Service AI,Consumption Excel,7043
Non-Hormonal IUCD,2023-10-01,Main,Service AI,Consumption AI,9138
Non-Hormonal IUCD,2023-10-01,Main,Service AI,Demographic,18848
Non-Hormonal IUCD,2023-10-01,Main,Service AI,Consumption LMIS,NA
Non-Hormonal IUCD,2023-11-01,Main,Service AI,Actual Consumption,6516
Non-Hormonal IUCD,2023-11-01,Main,Service AI,Service Excel,7426
Non-Hormonal IUCD,2023-11-01,Main,Service AI,Service AI,8160
Non-Hormonal IUCD,2023-11-01,Main,Service AI,Consumption Excel,7043
Non-Hormonal IUCD,2023-11-01,Main,Service AI,Consumption AI,6694
Non-Hormonal IUCD,2023-11-01,Main,Service AI,Demographic,18848
Non-Hormonal IUCD,2023-11-01,Main,Service AI,Consumption LMIS,NA
Non-Hormonal IUCD,2023-12-01,Main,Service AI,Actual Consumption,5348
Non-Hormonal IUCD,2023-12-01,Main,Service AI,Service Excel,7426
Non-Hormonal IUCD,2023-12-01,Main,Service AI,Service AI,8355
Non-Hormonal IUCD,2023-12-01,Main,Service AI,Consumption Excel,7043
Non-Hormonal IUCD,2023-12-01,Main,Service AI,Consumption AI,7350
Non-Hormonal IUCD,2023-12-01,Main,Service AI,Demographic,18848
Non-Hormonal IUCD,2023-12-01,Main,Service AI,Consumption LMIS,NA
Non-Hormonal IUCD,2024-01-01,Main,Service AI,Actual Consumption,6378
Non-Hormonal IUCD,2024-01-01,Main,Service AI,Service Excel,7426
Non-Hormonal IUCD,2024-01-01,Main,Service AI,Service AI,8349
Non-Hormonal IUCD,2024-01-01,Main,Service AI,Consumption Excel,7043
Non-Hormonal IUCD,2024-01-01,Main,Service AI,Consumption AI,6658
Non-Hormonal IUCD,2024-01-01,Main,Service AI,Demographic,18848
Non-Hormonal IUCD,2024-01-01,Main,Service AI,Consumption LMIS,NA
Non-Hormonal IUCD,2024-02-01,Main,Service AI,Actual Consumption,6837
Non-Hormonal IUCD,2024-02-01,Main,Service AI,Service Excel,7426
Non-Hormonal IUCD,2024-02-01,Main,Service AI,Service AI,8653
Non-Hormonal IUCD,2024-02-01,Main,Service AI,Consumption Excel,7043
Non-Hormonal IUCD,2024-02-01,Main,Service AI,Consumption AI,7060
Non-Hormonal IUCD,2024-02-01,Main,Service AI,Demographic,18848
Non-Hormonal IUCD,2024-02-01,Main,Service AI,Consumption LMIS,NA
Non-Hormonal IUCD,2024-03-01,Main,Service AI,Actual Consumption,6741
Non-Hormonal IUCD,2024-03-01,Main,Service AI,Service Excel,7426
Non-Hormonal IUCD,2024-03-01,Main,Service AI,Service AI,8971
Non-Hormonal IUCD,2024-03-01,Main,Service AI,Consumption Excel,7043
Non-Hormonal IUCD,2024-03-01,Main,Service AI,Consumption AI,5129
Non-Hormonal IUCD,2024-03-01,Main,Service AI,Demographic,18848
Non-Hormonal IUCD,2024-03-01,Main,Service AI,Consumption LMIS,NA
Non-Hormonal IUCD,2024-04-01,Main,Service AI,Actual Consumption,5430
Non-Hormonal IUCD,2024-04-01,Main,Service AI,Service Excel,7426
Non-Hormonal IUCD,2024-04-01,Main,Service AI,Service AI,8966
Non-Hormonal IUCD,2024-04-01,Main,Service AI,Consumption Excel,7043
Non-Hormonal IUCD,2024-04-01,Main,Service AI,Consumption AI,8925
Non-Hormonal IUCD,2024-04-01,Main,Service AI,Demographic,18848
Non-Hormonal IUCD,2024-04-01,Main,Service AI,Consumption LMIS,NA
Non-Hormonal IUCD,2024-05-01,Main,Service AI,Actual Consumption,6356
Non-Hormonal IUCD,2024-05-01,Main,Service AI,Service Excel,7426
Non-Hormonal IUCD,2024-05-01,Main,Service AI,Service AI,9310
Non-Hormonal IUCD,2024-05-01,Main,Service AI,Consumption Excel,7043
Non-Hormonal IUCD,2024-05-01,Main,Service AI,Consumption AI,7980
Non-Hormonal IUCD,2024-05-01,Main,Service AI,Demographic,18848
Non-Hormonal IUCD,2024-05-01,Main,Service AI,Consumption LMIS,NA
Non-Hormonal IUCD,2024-06-01,Main,Service AI,Actual Consumption,6573
Non-Hormonal IUCD,2024-06-01,Main,Service AI,Service Excel,7426
Non-Hormonal IUCD,2024-06-01,Main,Service AI,Service AI,9466
Non-Hormonal IUCD,2024-06-01,Main,Service AI,Consumption Excel,7043
Non-Hormonal IUCD,2024-06-01,Main,Service AI,Consumption AI,8177
Non-Hormonal IUCD,2024-06-01,Main,Service AI,Demographic,18848
Non-Hormonal IUCD,2024-06-01,Main,Service AI,Consumption LMIS,NA
Non-Hormonal IUCD,2024-07-01,Main,Consumption Excel,Actual Consumption,7398
Non-Hormonal IUCD,2024-07-01,Main,Consumption Excel,Service Excel,7243
Non-Hormonal IUCD,2024-07-01,Main,Consumption Excel,Service AI,6907
Non-Hormonal IUCD,2024-07-01,Main,Consumption Excel,Consumption Excel,7002
Non-Hormonal IUCD,2024-07-01,Main,Consumption Excel,Consumption AI,7533
Non-Hormonal IUCD,2024-07-01,Main,Consumption Excel,Demographic,15804
Non-Hormonal IUCD,2024-07-01,Main,Consumption Excel,Consumption LMIS,NA
Non-Hormonal IUCD,2024-08-01,Main,Consumption Excel,Actual Consumption,7054
Non-Hormonal IUCD,2024-08-01,Main,Consumption Excel,Service Excel,7243
Non-Hormonal IUCD,2024-08-01,Main,Consumption Excel,Service AI,6907
Non-Hormonal IUCD,2024-08-01,Main,Consumption Excel,Consumption Excel,7002
Non-Hormonal IUCD,2024-08-01,Main,Consumption Excel,Consumption AI,7533
Non-Hormonal IUCD,2024-08-01,Main,Consumption Excel,Demographic,15804
Non-Hormonal IUCD,2024-08-01,Main,Consumption Excel,Consumption LMIS,NA
Non-Hormonal IUCD,2024-09-01,Main,Consumption Excel,Actual Consumption,7060
Non-Hormonal IUCD,2024-09-01,Main,Consumption Excel,Service Excel,7243
Non-Hormonal IUCD,2024-09-01,Main,Consumption Excel,Service AI,6907
Non-Hormonal IUCD,2024-09-01,Main,Consumption Excel,Consumption Excel,7002
Non-Hormonal IUCD,2024-09-01,Main,Consumption Excel,Consumption AI,7533
Non-Hormonal IUCD,2024-09-01,Main,Consumption Excel,Demographic,15804
Non-Hormonal IUCD,2024-09-01,Main,Consumption Excel,Consumption LMIS,NA
Non-Hormonal IUCD,2024-10-01,Main,Consumption Excel,Actual Consumption,7249
Non-Hormonal IUCD,2024-10-01,Main,Consumption Excel,Service Excel,7243
Non-Hormonal IUCD,2024-10-01,Main,Consumption Excel,Service AI,6907
Non-Hormonal IUCD,2024-10-01,Main,Consumption Excel,Consumption Excel,7002
Non-Hormonal IUCD,2024-10-01,Main,Consumption Excel,Consumption AI,7533
Non-Hormonal IUCD,2024-10-01,Main,Consumption Excel,Demographic,15804
Non-Hormonal IUCD,2024-10-01,Main,Consumption Excel,Consumption LMIS,NA
Non-Hormonal IUCD,2024-11-01,Main,Consumption Excel,Actual Consumption,6634
Non-Hormonal IUCD,2024-11-01,Main,Consumption Excel,Service Excel,7243
Non-Hormonal IUCD,2024-11-01,Main,Consumption Excel,Service AI,6907
Non-Hormonal IUCD,2024-11-01,Main,Consumption Excel,Consumption Excel,7002
Non-Hormonal IUCD,2024-11-01,Main,Consumption Excel,Consumption AI,7533
Non-Hormonal IUCD,2024-11-01,Main,Consumption Excel,Demographic,15804
Non-Hormonal IUCD,2024-11-01,Main,Consumption Excel,Consumption LMIS,NA
Non-Hormonal IUCD,2024-12-01,Main,Consumption Excel,Actual Consumption,5707
Non-Hormonal IUCD,2024-12-01,Main,Consumption Excel,Service Excel,7243
Non-Hormonal IUCD,2024-12-01,Main,Consumption Excel,Service AI,6907
Non-Hormonal IUCD,2024-12-01,Main,Consumption Excel,Consumption Excel,7002
Non-Hormonal IUCD,2024-12-01,Main,Consumption Excel,Consumption AI,7533
Non-Hormonal IUCD,2024-12-01,Main,Consumption Excel,Demographic,15804
Non-Hormonal IUCD,2024-12-01,Main,Consumption Excel,Consumption LMIS,NA
Non-Hormonal IUCD,2025-01-01,Main,Consumption Excel,Actual Consumption,6439
Non-Hormonal IUCD,2025-01-01,Main,Consumption Excel,Service Excel,7243
Non-Hormonal IUCD,2025-01-01,Main,Consumption Excel,Service AI,6907
Non-Hormonal IUCD,2025-01-01,Main,Consumption Excel,Consumption Excel,7002
Non-Hormonal IUCD,2025-01-01,Main,Consumption Excel,Consumption AI,7533
Non-Hormonal IUCD,2025-01-01,Main,Consumption Excel,Demographic,15804
Non-Hormonal IUCD,2025-01-01,Main,Consumption Excel,Consumption LMIS,NA
Non-Hormonal IUCD,2025-02-01,Main,Consumption Excel,Actual Consumption,6244
Non-Hormonal IUCD,2025-02-01,Main,Consumption Excel,Service Excel,7243
Non-Hormonal IUCD,2025-02-01,Main,Consumption Excel,Service AI,6907
Non-Hormonal IUCD,2025-02-01,Main,Consumption Excel,Consumption Excel,7002
Non-Hormonal IUCD,2025-02-01,Main,Consumption Excel,Consumption AI,7533
Non-Hormonal IUCD,2025-02-01,Main,Consumption Excel,Demographic,15804
Non-Hormonal IUCD,2025-02-01,Main,Consumption Excel,Consumption LMIS,NA
Non-Hormonal IUCD,2025-03-01,Main,Consumption Excel,Actual Consumption,6270
Non-Hormonal IUCD,2025-03-01,Main,Consumption Excel,Service Excel,7243
Non-Hormonal IUCD,2025-03-01,Main,Consumption Excel,Service AI,6907
Non-Hormonal IUCD,2025-03-01,Main,Consumption Excel,Consumption Excel,7002
Non-Hormonal IUCD,2025-03-01,Main,Consumption Excel,Consumption AI,7533
Non-Hormonal IUCD,2025-03-01,Main,Consumption Excel,Demographic,15804
Non-Hormonal IUCD,2025-03-01,Main,Consumption Excel,Consumption LMIS,NA
Non-Hormonal IUCD,2025-04-01,Main,Consumption Excel,Actual Consumption,6021
Non-Hormonal IUCD,2025-04-01,Main,Consumption Excel,Service Excel,7243
Non-Hormonal IUCD,2025-04-01,Main,Consumption Excel,Service AI,6907
Non-Hormonal IUCD,2025-04-01,Main,Consumption Excel,Consumption Excel,7002
Non-Hormonal IUCD,2025-04-01,Main,Consumption Excel,Consumption AI,7533
Non-Hormonal IUCD,2025-04-01,Main,Consumption Excel,Demographic,15804
Non-Hormonal IUCD,2025-04-01,Main,Consumption Excel,Consumption LMIS,NA
Non-Hormonal IUCD,2025-05-01,Main,Consumption Excel,Actual Consumption,6235
Non-Hormonal IUCD,2025-05-01,Main,Consumption Excel,Service Excel,7243
Non-Hormonal IUCD,2025-05-01,Main,Consumption Excel,Service AI,6907
Non-Hormonal IUCD,2025-05-01,Main,Consumption Excel,Consumption Excel,7002
Non-Hormonal IUCD,2025-05-01,Main,Consumption Excel,Consumption AI,7533
Non-Hormonal IUCD,2025-05-01,Main,Consumption Excel,Demographic,15804
Non-Hormonal IUCD,2025-05-01,Main,Consumption Excel,Consumption LMIS,NA
Non-Hormonal IUCD,2025-06-01,NA,NA,Actual Consumption,6235
Non-Hormonal IUCD,2025-06-01,NA,NA,Service Excel,7243
Non-Hormonal IUCD,2025-06-01,NA,NA,Service AI,6907
Non-Hormonal IUCD,2025-06-01,NA,NA,Consumption Excel,7002
Non-Hormonal IUCD,2025-06-01,NA,NA,Consumption AI,7533
Non-Hormonal IUCD,2025-06-01,NA,NA,Demographic,15804
Non-Hormonal IUCD,2025-06-01,NA,NA,Consumption LMIS,NA
Non-Hormonal IUCD,2024-07-01,Review,Consumption Excel,Actual Consumption,7398
Non-Hormonal IUCD,2024-07-01,Review,Consumption Excel,Service Excel,6931
Non-Hormonal IUCD,2024-07-01,Review,Consumption Excel,Service AI,7002
Non-Hormonal IUCD,2024-07-01,Review,Consumption Excel,Consumption Excel,6596
Non-Hormonal IUCD,2024-07-01,Review,Consumption Excel,Consumption AI,10105
Non-Hormonal IUCD,2024-07-01,Review,Consumption Excel,Demographic,3204
Non-Hormonal IUCD,2024-07-01,Review,Consumption Excel,Consumption LMIS,NA
Non-Hormonal IUCD,2024-08-01,Review,Consumption Excel,Actual Consumption,7054
Non-Hormonal IUCD,2024-08-01,Review,Consumption Excel,Service Excel,6931
Non-Hormonal IUCD,2024-08-01,Review,Consumption Excel,Service AI,7002
Non-Hormonal IUCD,2024-08-01,Review,Consumption Excel,Consumption Excel,6596
Non-Hormonal IUCD,2024-08-01,Review,Consumption Excel,Consumption AI,10105
Non-Hormonal IUCD,2024-08-01,Review,Consumption Excel,Demographic,3204
Non-Hormonal IUCD,2024-08-01,Review,Consumption Excel,Consumption LMIS,NA
Non-Hormonal IUCD,2024-09-01,Review,Consumption Excel,Actual Consumption,7060
Non-Hormonal IUCD,2024-09-01,Review,Consumption Excel,Service Excel,6931
Non-Hormonal IUCD,2024-09-01,Review,Consumption Excel,Service AI,7002
Non-Hormonal IUCD,2024-09-01,Review,Consumption Excel,Consumption Excel,6596
Non-Hormonal IUCD,2024-09-01,Review,Consumption Excel,Consumption AI,10105
Non-Hormonal IUCD,2024-09-01,Review,Consumption Excel,Demographic,3204
Non-Hormonal IUCD,2024-09-01,Review,Consumption Excel,Consumption LMIS,NA
Non-Hormonal IUCD,2024-10-01,Review,Consumption Excel,Actual Consumption,7249
Non-Hormonal IUCD,2024-10-01,Review,Consumption Excel,Service Excel,6931
Non-Hormonal IUCD,2024-10-01,Review,Consumption Excel,Service AI,7002
Non-Hormonal IUCD,2024-10-01,Review,Consumption Excel,Consumption Excel,6596
Non-Hormonal IUCD,2024-10-01,Review,Consumption Excel,Consumption AI,10105
Non-Hormonal IUCD,2024-10-01,Review,Consumption Excel,Demographic,3204
Non-Hormonal IUCD,2024-10-01,Review,Consumption Excel,Consumption LMIS,NA
Non-Hormonal IUCD,2024-11-01,Review,Consumption Excel,Actual Consumption,6634
Non-Hormonal IUCD,2024-11-01,Review,Consumption Excel,Service Excel,6931
Non-Hormonal IUCD,2024-11-01,Review,Consumption Excel,Service AI,7002
Non-Hormonal IUCD,2024-11-01,Review,Consumption Excel,Consumption Excel,6596
Non-Hormonal IUCD,2024-11-01,Review,Consumption Excel,Consumption AI,10105
Non-Hormonal IUCD,2024-11-01,Review,Consumption Excel,Demographic,3204
Non-Hormonal IUCD,2024-11-01,Review,Consumption Excel,Consumption LMIS,NA
Non-Hormonal IUCD,2024-12-01,Review,Consumption Excel,Actual Consumption,5707
Non-Hormonal IUCD,2024-12-01,Review,Consumption Excel,Service Excel,6931
Non-Hormonal IUCD,2024-12-01,Review,Consumption Excel,Service AI,7002
Non-Hormonal IUCD,2024-12-01,Review,Consumption Excel,Consumption Excel,6596
Non-Hormonal IUCD,2024-12-01,Review,Consumption Excel,Consumption AI,10105
Non-Hormonal IUCD,2024-12-01,Review,Consumption Excel,Demographic,3204
Non-Hormonal IUCD,2024-12-01,Review,Consumption Excel,Consumption LMIS,NA
Non-Hormonal IUCD,2025-01-01,Review,Consumption Excel,Actual Consumption,6439
Non-Hormonal IUCD,2025-01-01,Review,Consumption Excel,Service Excel,6931
Non-Hormonal IUCD,2025-01-01,Review,Consumption Excel,Service AI,7002
Non-Hormonal IUCD,2025-01-01,Review,Consumption Excel,Consumption Excel,6596
Non-Hormonal IUCD,2025-01-01,Review,Consumption Excel,Consumption AI,10105
Non-Hormonal IUCD,2025-01-01,Review,Consumption Excel,Demographic,3204
Non-Hormonal IUCD,2025-01-01,Review,Consumption Excel,Consumption LMIS,NA
Non-Hormonal IUCD,2025-02-01,Review,Consumption Excel,Actual Consumption,6244
Non-Hormonal IUCD,2025-02-01,Review,Consumption Excel,Service Excel,6931
Non-Hormonal IUCD,2025-02-01,Review,Consumption Excel,Service AI,7002
Non-Hormonal IUCD,2025-02-01,Review,Consumption Excel,Consumption Excel,6596
Non-Hormonal IUCD,2025-02-01,Review,Consumption Excel,Consumption AI,10105
Non-Hormonal IUCD,2025-02-01,Review,Consumption Excel,Demographic,3204
Non-Hormonal IUCD,2025-02-01,Review,Consumption Excel,Consumption LMIS,NA
Non-Hormonal IUCD,2025-03-01,Review,Consumption Excel,Actual Consumption,6270
Non-Hormonal IUCD,2025-03-01,Review,Consumption Excel,Service Excel,6931
Non-Hormonal IUCD,2025-03-01,Review,Consumption Excel,Service AI,7002
Non-Hormonal IUCD,2025-03-01,Review,Consumption Excel,Consumption Excel,6596
Non-Hormonal IUCD,2025-03-01,Review,Consumption Excel,Consumption AI,10105
Non-Hormonal IUCD,2025-03-01,Review,Consumption Excel,Demographic,3204
Non-Hormonal IUCD,2025-03-01,Review,Consumption Excel,Consumption LMIS,NA
Non-Hormonal IUCD,2025-04-01,Review,Consumption Excel,Actual Consumption,6021
Non-Hormonal IUCD,2025-04-01,Review,Consumption Excel,Service Excel,6931
Non-Hormonal IUCD,2025-04-01,Review,Consumption Excel,Service AI,7002
Non-Hormonal IUCD,2025-04-01,Review,Consumption Excel,Consumption Excel,6596
Non-Hormonal IUCD,2025-04-01,Review,Consumption Excel,Consumption AI,10105
Non-Hormonal IUCD,2025-04-01,Review,Consumption Excel,Demographic,3204
Non-Hormonal IUCD,2025-04-01,Review,Consumption Excel,Consumption LMIS,NA
Non-Hormonal IUCD,2025-05-01,Review,Consumption Excel,Actual Consumption,6235
Non-Hormonal IUCD,2025-05-01,Review,Consumption Excel,Service Excel,6931
Non-Hormonal IUCD,2025-05-01,Review,Consumption Excel,Service AI,7002
Non-Hormonal IUCD,2025-05-01,Review,Consumption Excel,Consumption Excel,6596
Non-Hormonal IUCD,2025-05-01,Review,Consumption Excel,Consumption AI,10105
Non-Hormonal IUCD,2025-05-01,Review,Consumption Excel,Demographic,3204
Non-Hormonal IUCD,2025-05-01,Review,Consumption Excel,Consumption LMIS,NA
Non-Hormonal IUCD,2025-06-01,Review,Consumption Excel,Actual Consumption,5730
Non-Hormonal IUCD,2025-06-01,Review,Consumption Excel,Service Excel,6931
Non-Hormonal IUCD,2025-06-01,Review,Consumption Excel,Service AI,7002
Non-Hormonal IUCD,2025-06-01,Review,Consumption Excel,Consumption Excel,6596
Non-Hormonal IUCD,2025-06-01,Review,Consumption Excel,Consumption AI,10105
Non-Hormonal IUCD,2025-06-01,Review,Consumption Excel,Demographic,3204
Non-Hormonal IUCD,2025-06-01,Review,Consumption Excel,Consumption LMIS,NA
Non-Hormonal IUCD,2025-07-01,Main,Service AI,Actual Consumption,5826
Non-Hormonal IUCD,2025-07-01,Main,Service AI,Service Excel,NA
Non-Hormonal IUCD,2025-07-01,Main,Service AI,Service AI,7126
Non-Hormonal IUCD,2025-07-01,Main,Service AI,Consumption Excel,NA
Non-Hormonal IUCD,2025-07-01,Main,Service AI,Consumption AI,1199
Non-Hormonal IUCD,2025-07-01,Main,Service AI,Demographic,4137.75
Non-Hormonal IUCD,2025-07-01,Main,Service AI,Consumption LMIS,8475
Non-Hormonal IUCD,2025-08-01,Main,Service AI,Actual Consumption,5180
Non-Hormonal IUCD,2025-08-01,Main,Service AI,Service Excel,NA
Non-Hormonal IUCD,2025-08-01,Main,Service AI,Service AI,7151
Non-Hormonal IUCD,2025-08-01,Main,Service AI,Consumption Excel,NA
Non-Hormonal IUCD,2025-08-01,Main,Service AI,Consumption AI,1198
Non-Hormonal IUCD,2025-08-01,Main,Service AI,Demographic,4137.75
Non-Hormonal IUCD,2025-08-01,Main,Service AI,Consumption LMIS,8475
Non-Hormonal IUCD,2025-09-01,Main,Service AI,Actual Consumption,5261
Non-Hormonal IUCD,2025-09-01,Main,Service AI,Service Excel,NA
Non-Hormonal IUCD,2025-09-01,Main,Service AI,Service AI,7421
Non-Hormonal IUCD,2025-09-01,Main,Service AI,Consumption Excel,NA
Non-Hormonal IUCD,2025-09-01,Main,Service AI,Consumption AI,1544
Non-Hormonal IUCD,2025-09-01,Main,Service AI,Demographic,4137.75
Non-Hormonal IUCD,2025-09-01,Main,Service AI,Consumption LMIS,8475
Non-Hormonal IUCD,2025-10-01,Main,Service AI,Actual Consumption,5170
Non-Hormonal IUCD,2025-10-01,Main,Service AI,Service Excel,NA
Non-Hormonal IUCD,2025-10-01,Main,Service AI,Service AI,7216
Non-Hormonal IUCD,2025-10-01,Main,Service AI,Consumption Excel,NA
Non-Hormonal IUCD,2025-10-01,Main,Service AI,Consumption AI,1176
Non-Hormonal IUCD,2025-10-01,Main,Service AI,Demographic,4137.75
Non-Hormonal IUCD,2025-10-01,Main,Service AI,Consumption LMIS,8475
Non-Hormonal IUCD,2025-11-01,Main,Service AI,Actual Consumption,4816
Non-Hormonal IUCD,2025-11-01,Main,Service AI,Service Excel,NA
Non-Hormonal IUCD,2025-11-01,Main,Service AI,Service AI,7284
Non-Hormonal IUCD,2025-11-01,Main,Service AI,Consumption Excel,NA
Non-Hormonal IUCD,2025-11-01,Main,Service AI,Consumption AI,1125
Non-Hormonal IUCD,2025-11-01,Main,Service AI,Demographic,4137.75
Non-Hormonal IUCD,2025-11-01,Main,Service AI,Consumption LMIS,8475
Non-Hormonal IUCD,2025-12-01,Main,Service AI,Actual Consumption,4277
Non-Hormonal IUCD,2025-12-01,Main,Service AI,Service Excel,NA
Non-Hormonal IUCD,2025-12-01,Main,Service AI,Service AI,6552
Non-Hormonal IUCD,2025-12-01,Main,Service AI,Consumption Excel,NA
Non-Hormonal IUCD,2025-12-01,Main,Service AI,Consumption AI,955
Non-Hormonal IUCD,2025-12-01,Main,Service AI,Demographic,4137.75
Non-Hormonal IUCD,2025-12-01,Main,Service AI,Consumption LMIS,8475
Non-Hormonal IUCD,2026-01-01,Main,Service AI,Actual Consumption,4646
Non-Hormonal IUCD,2026-01-01,Main,Service AI,Service Excel,NA
Non-Hormonal IUCD,2026-01-01,Main,Service AI,Service AI,6954
Non-Hormonal IUCD,2026-01-01,Main,Service AI,Consumption Excel,NA
Non-Hormonal IUCD,2026-01-01,Main,Service AI,Consumption AI,975
Non-Hormonal IUCD,2026-01-01,Main,Service AI,Demographic,4137.75
Non-Hormonal IUCD,2026-01-01,Main,Service AI,Consumption LMIS,8475
Non-Hormonal IUCD,2026-02-01,Main,Service AI,Actual Consumption,5142
Non-Hormonal IUCD,2026-02-01,Main,Service AI,Service Excel,NA
Non-Hormonal IUCD,2026-02-01,Main,Service AI,Service AI,7093
Non-Hormonal IUCD,2026-02-01,Main,Service AI,Consumption Excel,NA
Non-Hormonal IUCD,2026-02-01,Main,Service AI,Consumption AI,1054
Non-Hormonal IUCD,2026-02-01,Main,Service AI,Demographic,4137.75
Non-Hormonal IUCD,2026-02-01,Main,Service AI,Consumption LMIS,8475
Non-Hormonal IUCD,2026-03-01,Main,Service AI,Actual Consumption,6264
Non-Hormonal IUCD,2026-03-01,Main,Service AI,Service Excel,NA
Non-Hormonal IUCD,2026-03-01,Main,Service AI,Service AI,7023
Non-Hormonal IUCD,2026-03-01,Main,Service AI,Consumption Excel,NA
Non-Hormonal IUCD,2026-03-01,Main,Service AI,Consumption AI,1144
Non-Hormonal IUCD,2026-03-01,Main,Service AI,Demographic,4137.75
Non-Hormonal IUCD,2026-03-01,Main,Service AI,Consumption LMIS,8475
Non-Hormonal IUCD,2026-04-01,Main,Service AI,Actual Consumption,6445
Non-Hormonal IUCD,2026-04-01,Main,Service AI,Service Excel,NA
Non-Hormonal IUCD,2026-04-01,Main,Service AI,Service AI,6746
Non-Hormonal IUCD,2026-04-01,Main,Service AI,Consumption Excel,NA
Non-Hormonal IUCD,2026-04-01,Main,Service AI,Consumption AI,987
Non-Hormonal IUCD,2026-04-01,Main,Service AI,Demographic,4137.75
Non-Hormonal IUCD,2026-04-01,Main,Service AI,Consumption LMIS,8475
Non-Hormonal IUCD,2026-05-01,Main,Service AI,Actual Consumption,6865
Non-Hormonal IUCD,2026-05-01,Main,Service AI,Service Excel,NA
Non-Hormonal IUCD,2026-05-01,Main,Service AI,Service AI,6972
Non-Hormonal IUCD,2026-05-01,Main,Service AI,Consumption Excel,NA
Non-Hormonal IUCD,2026-05-01,Main,Service AI,Consumption AI,1014
Non-Hormonal IUCD,2026-05-01,Main,Service AI,Demographic,4137.75
Non-Hormonal IUCD,2026-05-01,Main,Service AI,Consumption LMIS,8475
Non-Hormonal IUCD,2026-06-01,Main,Service AI,Actual Consumption,6609
Non-Hormonal IUCD,2026-06-01,Main,Service AI,Service Excel,NA
Non-Hormonal IUCD,2026-06-01,Main,Service AI,Service AI,6740
Non-Hormonal IUCD,2026-06-01,Main,Service AI,Consumption Excel,NA
Non-Hormonal IUCD,2026-06-01,Main,Service AI,Consumption AI,939
Non-Hormonal IUCD,2026-06-01,Main,Service AI,Demographic,4137.75
Non-Hormonal IUCD,2026-06-01,Main,Service AI,Consumption LMIS,8475
Female Condoms,2023-07-01,Main,Consumption AI,Actual Consumption,31605
Female Condoms,2023-07-01,Main,Consumption AI,Service Excel,309848.0000000004
Female Condoms,2023-07-01,Main,Consumption AI,Service AI,309848.0000000004
Female Condoms,2023-07-01,Main,Consumption AI,Consumption Excel,309848.0000000004
Female Condoms,2023-07-01,Main,Consumption AI,Consumption AI,309848.0000000004
Female Condoms,2023-07-01,Main,Consumption AI,Demographic,309848.0000000004
Female Condoms,2023-07-01,Main,Consumption AI,Consumption LMIS,NA
Female Condoms,2023-08-01,Main,Consumption AI,Actual Consumption,31418
Female Condoms,2023-08-01,Main,Consumption AI,Service Excel,309848.0000000004
Female Condoms,2023-08-01,Main,Consumption AI,Service AI,309848.0000000004
Female Condoms,2023-08-01,Main,Consumption AI,Consumption Excel,309848.0000000004
Female Condoms,2023-08-01,Main,Consumption AI,Consumption AI,309848.0000000004
Female Condoms,2023-08-01,Main,Consumption AI,Demographic,309848.0000000004
Female Condoms,2023-08-01,Main,Consumption AI,Consumption LMIS,NA
Female Condoms,2023-09-01,Main,Consumption AI,Actual Consumption,27501
Female Condoms,2023-09-01,Main,Consumption AI,Service Excel,309848.0000000004
Female Condoms,2023-09-01,Main,Consumption AI,Service AI,309848.0000000004
Female Condoms,2023-09-01,Main,Consumption AI,Consumption Excel,309848.0000000004
Female Condoms,2023-09-01,Main,Consumption AI,Consumption AI,309848.0000000004
Female Condoms,2023-09-01,Main,Consumption AI,Demographic,309848.0000000004
Female Condoms,2023-09-01,Main,Consumption AI,Consumption LMIS,NA
Female Condoms,2023-10-01,Main,Consumption AI,Actual Consumption,20329
Female Condoms,2023-10-01,Main,Consumption AI,Service Excel,309848.0000000004
Female Condoms,2023-10-01,Main,Consumption AI,Service AI,309848.0000000004
Female Condoms,2023-10-01,Main,Consumption AI,Consumption Excel,309848.0000000004
Female Condoms,2023-10-01,Main,Consumption AI,Consumption AI,309848.0000000004
Female Condoms,2023-10-01,Main,Consumption AI,Demographic,309848.0000000004
Female Condoms,2023-10-01,Main,Consumption AI,Consumption LMIS,NA
Female Condoms,2023-11-01,Main,Consumption AI,Actual Consumption,90469
Female Condoms,2023-11-01,Main,Consumption AI,Service Excel,309848.0000000004
Female Condoms,2023-11-01,Main,Consumption AI,Service AI,309848.0000000004
Female Condoms,2023-11-01,Main,Consumption AI,Consumption Excel,309848.0000000004
Female Condoms,2023-11-01,Main,Consumption AI,Consumption AI,309848.0000000004
Female Condoms,2023-11-01,Main,Consumption AI,Demographic,309848.0000000004
Female Condoms,2023-11-01,Main,Consumption AI,Consumption LMIS,NA
Female Condoms,2023-12-01,Main,Consumption AI,Actual Consumption,65297
Female Condoms,2023-12-01,Main,Consumption AI,Service Excel,309848.0000000004
Female Condoms,2023-12-01,Main,Consumption AI,Service AI,309848.0000000004
Female Condoms,2023-12-01,Main,Consumption AI,Consumption Excel,309848.0000000004
Female Condoms,2023-12-01,Main,Consumption AI,Consumption AI,309848.0000000004
Female Condoms,2023-12-01,Main,Consumption AI,Demographic,309848.0000000004
Female Condoms,2023-12-01,Main,Consumption AI,Consumption LMIS,NA
Female Condoms,2024-01-01,Main,Consumption AI,Actual Consumption,49780
Female Condoms,2024-01-01,Main,Consumption AI,Service Excel,309848.0000000004
Female Condoms,2024-01-01,Main,Consumption AI,Service AI,309848.0000000004
Female Condoms,2024-01-01,Main,Consumption AI,Consumption Excel,309848.0000000004
Female Condoms,2024-01-01,Main,Consumption AI,Consumption AI,309848.0000000004
Female Condoms,2024-01-01,Main,Consumption AI,Demographic,309848.0000000004
Female Condoms,2024-01-01,Main,Consumption AI,Consumption LMIS,NA
Female Condoms,2024-02-01,Main,Consumption AI,Actual Consumption,34297
Female Condoms,2024-02-01,Main,Consumption AI,Service Excel,309848.0000000004
Female Condoms,2024-02-01,Main,Consumption AI,Service AI,309848.0000000004
Female Condoms,2024-02-01,Main,Consumption AI,Consumption Excel,309848.0000000004
Female Condoms,2024-02-01,Main,Consumption AI,Consumption AI,309848.0000000004
Female Condoms,2024-02-01,Main,Consumption AI,Demographic,309848.0000000004
Female Condoms,2024-02-01,Main,Consumption AI,Consumption LMIS,NA
Female Condoms,2024-03-01,Main,Consumption AI,Actual Consumption,45522
Female Condoms,2024-03-01,Main,Consumption AI,Service Excel,309848.0000000004
Female Condoms,2024-03-01,Main,Consumption AI,Service AI,309848.0000000004
Female Condoms,2024-03-01,Main,Consumption AI,Consumption Excel,309848.0000000004
Female Condoms,2024-03-01,Main,Consumption AI,Consumption AI,309848.0000000004
Female Condoms,2024-03-01,Main,Consumption AI,Demographic,309848.0000000004
Female Condoms,2024-03-01,Main,Consumption AI,Consumption LMIS,NA
Female Condoms,2024-04-01,Main,Consumption AI,Actual Consumption,82948
Female Condoms,2024-04-01,Main,Consumption AI,Service Excel,309848.0000000004
Female Condoms,2024-04-01,Main,Consumption AI,Service AI,309848.0000000004
Female Condoms,2024-04-01,Main,Consumption AI,Consumption Excel,309848.0000000004
Female Condoms,2024-04-01,Main,Consumption AI,Consumption AI,309848.0000000004
Female Condoms,2024-04-01,Main,Consumption AI,Demographic,309848.0000000004
Female Condoms,2024-04-01,Main,Consumption AI,Consumption LMIS,NA
Female Condoms,2024-05-01,Main,Consumption AI,Actual Consumption,23209
Female Condoms,2024-05-01,Main,Consumption AI,Service Excel,309848.0000000004
Female Condoms,2024-05-01,Main,Consumption AI,Service AI,309848.0000000004
Female Condoms,2024-05-01,Main,Consumption AI,Consumption Excel,309848.0000000004
Female Condoms,2024-05-01,Main,Consumption AI,Consumption AI,309848.0000000004
Female Condoms,2024-05-01,Main,Consumption AI,Demographic,309848.0000000004
Female Condoms,2024-05-01,Main,Consumption AI,Consumption LMIS,NA
Female Condoms,2024-06-01,Main,Consumption AI,Actual Consumption,43800
Female Condoms,2024-06-01,Main,Consumption AI,Service Excel,309848.0000000004
Female Condoms,2024-06-01,Main,Consumption AI,Service AI,309848.0000000004
Female Condoms,2024-06-01,Main,Consumption AI,Consumption Excel,309848.0000000004
Female Condoms,2024-06-01,Main,Consumption AI,Consumption AI,309848.0000000004
Female Condoms,2024-06-01,Main,Consumption AI,Demographic,309848.0000000004
Female Condoms,2024-06-01,Main,Consumption AI,Consumption LMIS,NA
Female Condoms,2024-07-01,Main,Service Excel,Actual Consumption,30127
Female Condoms,2024-07-01,Main,Service Excel,Service Excel,14581
Female Condoms,2024-07-01,Main,Service Excel,Service AI,39220
Female Condoms,2024-07-01,Main,Service Excel,Consumption Excel,28487
Female Condoms,2024-07-01,Main,Service Excel,Consumption AI,27412
Female Condoms,2024-07-01,Main,Service Excel,Demographic,80068
Female Condoms,2024-07-01,Main,Service Excel,Consumption LMIS,NA
Female Condoms,2024-08-01,Main,Service Excel,Actual Consumption,24858
Female Condoms,2024-08-01,Main,Service Excel,Service Excel,14581
Female Condoms,2024-08-01,Main,Service Excel,Service AI,39220
Female Condoms,2024-08-01,Main,Service Excel,Consumption Excel,28487
Female Condoms,2024-08-01,Main,Service Excel,Consumption AI,27412
Female Condoms,2024-08-01,Main,Service Excel,Demographic,80068
Female Condoms,2024-08-01,Main,Service Excel,Consumption LMIS,NA
Female Condoms,2024-09-01,Main,Service Excel,Actual Consumption,17708
Female Condoms,2024-09-01,Main,Service Excel,Service Excel,14581
Female Condoms,2024-09-01,Main,Service Excel,Service AI,39220
Female Condoms,2024-09-01,Main,Service Excel,Consumption Excel,28487
Female Condoms,2024-09-01,Main,Service Excel,Consumption AI,27412
Female Condoms,2024-09-01,Main,Service Excel,Demographic,80068
Female Condoms,2024-09-01,Main,Service Excel,Consumption LMIS,NA
Female Condoms,2024-10-01,Main,Service Excel,Actual Consumption,47864
Female Condoms,2024-10-01,Main,Service Excel,Service Excel,14581
Female Condoms,2024-10-01,Main,Service Excel,Service AI,39220
Female Condoms,2024-10-01,Main,Service Excel,Consumption Excel,28487
Female Condoms,2024-10-01,Main,Service Excel,Consumption AI,27412
Female Condoms,2024-10-01,Main,Service Excel,Demographic,80068
Female Condoms,2024-10-01,Main,Service Excel,Consumption LMIS,NA
Female Condoms,2024-11-01,Main,Service Excel,Actual Consumption,21749
Female Condoms,2024-11-01,Main,Service Excel,Service Excel,14581
Female Condoms,2024-11-01,Main,Service Excel,Service AI,39220
Female Condoms,2024-11-01,Main,Service Excel,Consumption Excel,28487
Female Condoms,2024-11-01,Main,Service Excel,Consumption AI,27412
Female Condoms,2024-11-01,Main,Service Excel,Demographic,80068
Female Condoms,2024-11-01,Main,Service Excel,Consumption LMIS,NA
Female Condoms,2024-12-01,Main,Service Excel,Actual Consumption,37328
Female Condoms,2024-12-01,Main,Service Excel,Service Excel,14581
Female Condoms,2024-12-01,Main,Service Excel,Service AI,39220
Female Condoms,2024-12-01,Main,Service Excel,Consumption Excel,28487
Female Condoms,2024-12-01,Main,Service Excel,Consumption AI,27412
Female Condoms,2024-12-01,Main,Service Excel,Demographic,80068
Female Condoms,2024-12-01,Main,Service Excel,Consumption LMIS,NA
Female Condoms,2025-01-01,Main,Service Excel,Actual Consumption,19036
Female Condoms,2025-01-01,Main,Service Excel,Service Excel,14581
Female Condoms,2025-01-01,Main,Service Excel,Service AI,39220
Female Condoms,2025-01-01,Main,Service Excel,Consumption Excel,28487
Female Condoms,2025-01-01,Main,Service Excel,Consumption AI,27412
Female Condoms,2025-01-01,Main,Service Excel,Demographic,80068
Female Condoms,2025-01-01,Main,Service Excel,Consumption LMIS,NA
Female Condoms,2025-02-01,Main,Service Excel,Actual Consumption,25764
Female Condoms,2025-02-01,Main,Service Excel,Service Excel,14581
Female Condoms,2025-02-01,Main,Service Excel,Service AI,39220
Female Condoms,2025-02-01,Main,Service Excel,Consumption Excel,28487
Female Condoms,2025-02-01,Main,Service Excel,Consumption AI,27412
Female Condoms,2025-02-01,Main,Service Excel,Demographic,80068
Female Condoms,2025-02-01,Main,Service Excel,Consumption LMIS,NA
Female Condoms,2025-03-01,Main,Service Excel,Actual Consumption,9093
Female Condoms,2025-03-01,Main,Service Excel,Service Excel,14581
Female Condoms,2025-03-01,Main,Service Excel,Service AI,39220
Female Condoms,2025-03-01,Main,Service Excel,Consumption Excel,28487
Female Condoms,2025-03-01,Main,Service Excel,Consumption AI,27412
Female Condoms,2025-03-01,Main,Service Excel,Demographic,80068
Female Condoms,2025-03-01,Main,Service Excel,Consumption LMIS,NA
Female Condoms,2025-04-01,Main,Service Excel,Actual Consumption,18109
Female Condoms,2025-04-01,Main,Service Excel,Service Excel,14581
Female Condoms,2025-04-01,Main,Service Excel,Service AI,39220
Female Condoms,2025-04-01,Main,Service Excel,Consumption Excel,28487
Female Condoms,2025-04-01,Main,Service Excel,Consumption AI,27412
Female Condoms,2025-04-01,Main,Service Excel,Demographic,80068
Female Condoms,2025-04-01,Main,Service Excel,Consumption LMIS,NA
Female Condoms,2025-05-01,Main,Service Excel,Actual Consumption,17517
Female Condoms,2025-05-01,Main,Service Excel,Service Excel,14581
Female Condoms,2025-05-01,Main,Service Excel,Service AI,39220
Female Condoms,2025-05-01,Main,Service Excel,Consumption Excel,28487
Female Condoms,2025-05-01,Main,Service Excel,Consumption AI,27412
Female Condoms,2025-05-01,Main,Service Excel,Demographic,80068
Female Condoms,2025-05-01,Main,Service Excel,Consumption LMIS,NA
Female Condoms,2025-06-01,Main,Service Excel,Actual Consumption,11896
Female Condoms,2025-06-01,Main,Service Excel,Service Excel,14581
Female Condoms,2025-06-01,Main,Service Excel,Service AI,39220
Female Condoms,2025-06-01,Main,Service Excel,Consumption Excel,28487
Female Condoms,2025-06-01,Main,Service Excel,Consumption AI,27412
Female Condoms,2025-06-01,Main,Service Excel,Demographic,80068
Female Condoms,2025-06-01,Main,Service Excel,Consumption LMIS,NA
Female Condoms,2024-07-01,Review,Consumption AI,Actual Consumption,30127
Female Condoms,2024-07-01,Review,Consumption AI,Service Excel,13550
Female Condoms,2024-07-01,Review,Consumption AI,Service AI,14581
Female Condoms,2024-07-01,Review,Consumption AI,Consumption Excel,26606
Female Condoms,2024-07-01,Review,Consumption AI,Consumption AI,32378
Female Condoms,2024-07-01,Review,Consumption AI,Demographic,73550
Female Condoms,2024-07-01,Review,Consumption AI,Consumption LMIS,NA
Female Condoms,2024-08-01,Review,Consumption AI,Actual Consumption,24858
Female Condoms,2024-08-01,Review,Consumption AI,Service Excel,13550
Female Condoms,2024-08-01,Review,Consumption AI,Service AI,14581
Female Condoms,2024-08-01,Review,Consumption AI,Consumption Excel,26606
Female Condoms,2024-08-01,Review,Consumption AI,Consumption AI,32378
Female Condoms,2024-08-01,Review,Consumption AI,Demographic,73550
Female Condoms,2024-08-01,Review,Consumption AI,Consumption LMIS,NA
Female Condoms,2024-09-01,Review,Consumption AI,Actual Consumption,17708
Female Condoms,2024-09-01,Review,Consumption AI,Service Excel,13550
Female Condoms,2024-09-01,Review,Consumption AI,Service AI,14581
Female Condoms,2024-09-01,Review,Consumption AI,Consumption Excel,26606
Female Condoms,2024-09-01,Review,Consumption AI,Consumption AI,32378
Female Condoms,2024-09-01,Review,Consumption AI,Demographic,73550
Female Condoms,2024-09-01,Review,Consumption AI,Consumption LMIS,NA
Female Condoms,2024-10-01,Review,Consumption AI,Actual Consumption,47864
Female Condoms,2024-10-01,Review,Consumption AI,Service Excel,13550
Female Condoms,2024-10-01,Review,Consumption AI,Service AI,14581
Female Condoms,2024-10-01,Review,Consumption AI,Consumption Excel,26606
Female Condoms,2024-10-01,Review,Consumption AI,Consumption AI,32378
Female Condoms,2024-10-01,Review,Consumption AI,Demographic,73550
Female Condoms,2024-10-01,Review,Consumption AI,Consumption LMIS,NA
Female Condoms,2024-11-01,Review,Consumption AI,Actual Consumption,21749
Female Condoms,2024-11-01,Review,Consumption AI,Service Excel,13550
Female Condoms,2024-11-01,Review,Consumption AI,Service AI,14581
Female Condoms,2024-11-01,Review,Consumption AI,Consumption Excel,26606
Female Condoms,2024-11-01,Review,Consumption AI,Consumption AI,32378
Female Condoms,2024-11-01,Review,Consumption AI,Demographic,73550
Female Condoms,2024-11-01,Review,Consumption AI,Consumption LMIS,NA
Female Condoms,2024-12-01,Review,Consumption AI,Actual Consumption,37328
Female Condoms,2024-12-01,Review,Consumption AI,Service Excel,13550
Female Condoms,2024-12-01,Review,Consumption AI,Service AI,14581
Female Condoms,2024-12-01,Review,Consumption AI,Consumption Excel,26606
Female Condoms,2024-12-01,Review,Consumption AI,Consumption AI,32378
Female Condoms,2024-12-01,Review,Consumption AI,Demographic,73550
Female Condoms,2024-12-01,Review,Consumption AI,Consumption LMIS,NA
Female Condoms,2025-01-01,Review,Consumption AI,Actual Consumption,19036
Female Condoms,2025-01-01,Review,Consumption AI,Service Excel,13550
Female Condoms,2025-01-01,Review,Consumption AI,Service AI,14581
Female Condoms,2025-01-01,Review,Consumption AI,Consumption Excel,26606
Female Condoms,2025-01-01,Review,Consumption AI,Consumption AI,32378
Female Condoms,2025-01-01,Review,Consumption AI,Demographic,73550
Female Condoms,2025-01-01,Review,Consumption AI,Consumption LMIS,NA
Female Condoms,2025-02-01,Review,Consumption AI,Actual Consumption,25764
Female Condoms,2025-02-01,Review,Consumption AI,Service Excel,13550
Female Condoms,2025-02-01,Review,Consumption AI,Service AI,14581
Female Condoms,2025-02-01,Review,Consumption AI,Consumption Excel,26606
Female Condoms,2025-02-01,Review,Consumption AI,Consumption AI,32378
Female Condoms,2025-02-01,Review,Consumption AI,Demographic,73550
Female Condoms,2025-02-01,Review,Consumption AI,Consumption LMIS,NA
Female Condoms,2025-03-01,Review,Consumption AI,Actual Consumption,9093
Female Condoms,2025-03-01,Review,Consumption AI,Service Excel,13550
Female Condoms,2025-03-01,Review,Consumption AI,Service AI,14581
Female Condoms,2025-03-01,Review,Consumption AI,Consumption Excel,26606
Female Condoms,2025-03-01,Review,Consumption AI,Consumption AI,32378
Female Condoms,2025-03-01,Review,Consumption AI,Demographic,73550
Female Condoms,2025-03-01,Review,Consumption AI,Consumption LMIS,NA
Female Condoms,2025-04-01,Review,Consumption AI,Actual Consumption,18109
Female Condoms,2025-04-01,Review,Consumption AI,Service Excel,13550
Female Condoms,2025-04-01,Review,Consumption AI,Service AI,14581
Female Condoms,2025-04-01,Review,Consumption AI,Consumption Excel,26606
Female Condoms,2025-04-01,Review,Consumption AI,Consumption AI,32378
Female Condoms,2025-04-01,Review,Consumption AI,Demographic,73550
Female Condoms,2025-04-01,Review,Consumption AI,Consumption LMIS,NA
Female Condoms,2025-05-01,Review,Consumption AI,Actual Consumption,17517
Female Condoms,2025-05-01,Review,Consumption AI,Service Excel,13550
Female Condoms,2025-05-01,Review,Consumption AI,Service AI,14581
Female Condoms,2025-05-01,Review,Consumption AI,Consumption Excel,26606
Female Condoms,2025-05-01,Review,Consumption AI,Consumption AI,32378
Female Condoms,2025-05-01,Review,Consumption AI,Demographic,73550
Female Condoms,2025-05-01,Review,Consumption AI,Consumption LMIS,NA
Female Condoms,2025-06-01,Review,Consumption AI,Actual Consumption,11896
Female Condoms,2025-06-01,Review,Consumption AI,Service Excel,13550
Female Condoms,2025-06-01,Review,Consumption AI,Service AI,14581
Female Condoms,2025-06-01,Review,Consumption AI,Consumption Excel,26606
Female Condoms,2025-06-01,Review,Consumption AI,Consumption AI,32378
Female Condoms,2025-06-01,Review,Consumption AI,Demographic,73550
Female Condoms,2025-06-01,Review,Consumption AI,Consumption LMIS,NA
Female Condoms,2025-07-01,Main,Service AI,Actual Consumption,8746
Female Condoms,2025-07-01,Main,Service AI,Service Excel,NA
Female Condoms,2025-07-01,Main,Service AI,Service AI,12289
Female Condoms,2025-07-01,Main,Service AI,Consumption Excel,NA
Female Condoms,2025-07-01,Main,Service AI,Consumption AI,13792
Female Condoms,2025-07-01,Main,Service AI,Demographic,135229.75
Female Condoms,2025-07-01,Main,Service AI,Consumption LMIS,293565
Female Condoms,2025-08-01,Main,Service AI,Actual Consumption,15015
Female Condoms,2025-08-01,Main,Service AI,Service Excel,NA
Female Condoms,2025-08-01,Main,Service AI,Service AI,11510
Female Condoms,2025-08-01,Main,Service AI,Consumption Excel,NA
Female Condoms,2025-08-01,Main,Service AI,Consumption AI,12408
Female Condoms,2025-08-01,Main,Service AI,Demographic,135229.75
Female Condoms,2025-08-01,Main,Service AI,Consumption LMIS,293565
Female Condoms,2025-09-01,Main,Service AI,Actual Consumption,20891
Female Condoms,2025-09-01,Main,Service AI,Service Excel,NA
Female Condoms,2025-09-01,Main,Service AI,Service AI,13587
Female Condoms,2025-09-01,Main,Service AI,Consumption Excel,NA
Female Condoms,2025-09-01,Main,Service AI,Consumption AI,12321
Female Condoms,2025-09-01,Main,Service AI,Demographic,135229.75
Female Condoms,2025-09-01,Main,Service AI,Consumption LMIS,293565
Female Condoms,2025-10-01,Main,Service AI,Actual Consumption,26519
Female Condoms,2025-10-01,Main,Service AI,Service Excel,NA
Female Condoms,2025-10-01,Main,Service AI,Service AI,11396
Female Condoms,2025-10-01,Main,Service AI,Consumption Excel,NA
Female Condoms,2025-10-01,Main,Service AI,Consumption AI,14422
Female Condoms,2025-10-01,Main,Service AI,Demographic,135229.75
Female Condoms,2025-10-01,Main,Service AI,Consumption LMIS,293565
Female Condoms,2025-11-01,Main,Service AI,Actual Consumption,10022
Female Condoms,2025-11-01,Main,Service AI,Service Excel,NA
Female Condoms,2025-11-01,Main,Service AI,Service AI,18271
Female Condoms,2025-11-01,Main,Service AI,Consumption Excel,NA
Female Condoms,2025-11-01,Main,Service AI,Consumption AI,12809
Female Condoms,2025-11-01,Main,Service AI,Demographic,135229.75
Female Condoms,2025-11-01,Main,Service AI,Consumption LMIS,293565
Female Condoms,2025-12-01,Main,Service AI,Actual Consumption,17158
Female Condoms,2025-12-01,Main,Service AI,Service Excel,NA
Female Condoms,2025-12-01,Main,Service AI,Service AI,13624
Female Condoms,2025-12-01,Main,Service AI,Consumption Excel,NA
Female Condoms,2025-12-01,Main,Service AI,Consumption AI,19610
Female Condoms,2025-12-01,Main,Service AI,Demographic,135229.75
Female Condoms,2025-12-01,Main,Service AI,Consumption LMIS,293565
Female Condoms,2026-01-01,Main,Service AI,Actual Consumption,15987
Female Condoms,2026-01-01,Main,Service AI,Service Excel,NA
Female Condoms,2026-01-01,Main,Service AI,Service AI,13062
Female Condoms,2026-01-01,Main,Service AI,Consumption Excel,NA
Female Condoms,2026-01-01,Main,Service AI,Consumption AI,14222
Female Condoms,2026-01-01,Main,Service AI,Demographic,135229.75
Female Condoms,2026-01-01,Main,Service AI,Consumption LMIS,293565
Female Condoms,2026-02-01,Main,Service AI,Actual Consumption,7590
Female Condoms,2026-02-01,Main,Service AI,Service Excel,NA
Female Condoms,2026-02-01,Main,Service AI,Service AI,12813
Female Condoms,2026-02-01,Main,Service AI,Consumption Excel,NA
Female Condoms,2026-02-01,Main,Service AI,Consumption AI,14182
Female Condoms,2026-02-01,Main,Service AI,Demographic,135229.75
Female Condoms,2026-02-01,Main,Service AI,Consumption LMIS,293565
Female Condoms,2026-03-01,Main,Service AI,Actual Consumption,9839
Female Condoms,2026-03-01,Main,Service AI,Service Excel,NA
Female Condoms,2026-03-01,Main,Service AI,Service AI,11819
Female Condoms,2026-03-01,Main,Service AI,Consumption Excel,NA
Female Condoms,2026-03-01,Main,Service AI,Consumption AI,12374
Female Condoms,2026-03-01,Main,Service AI,Demographic,135229.75
Female Condoms,2026-03-01,Main,Service AI,Consumption LMIS,293565
Female Condoms,2026-04-01,Main,Service AI,Actual Consumption,17976
Female Condoms,2026-04-01,Main,Service AI,Service Excel,NA
Female Condoms,2026-04-01,Main,Service AI,Service AI,11512
Female Condoms,2026-04-01,Main,Service AI,Consumption Excel,NA
Female Condoms,2026-04-01,Main,Service AI,Consumption AI,13655
Female Condoms,2026-04-01,Main,Service AI,Demographic,135229.75
Female Condoms,2026-04-01,Main,Service AI,Consumption LMIS,293565
Female Condoms,2026-05-01,Main,Service AI,Actual Consumption,6634
Female Condoms,2026-05-01,Main,Service AI,Service Excel,NA
Female Condoms,2026-05-01,Main,Service AI,Service AI,12364
Female Condoms,2026-05-01,Main,Service AI,Consumption Excel,NA
Female Condoms,2026-05-01,Main,Service AI,Consumption AI,12829
Female Condoms,2026-05-01,Main,Service AI,Demographic,135229.75
Female Condoms,2026-05-01,Main,Service AI,Consumption LMIS,293565
Female Condoms,2026-06-01,Main,Service AI,Actual Consumption,11669
Female Condoms,2026-06-01,Main,Service AI,Service Excel,NA
Female Condoms,2026-06-01,Main,Service AI,Service AI,12960
Female Condoms,2026-06-01,Main,Service AI,Consumption Excel,NA
Female Condoms,2026-06-01,Main,Service AI,Consumption AI,14006
Female Condoms,2026-06-01,Main,Service AI,Demographic,135229.75
Female Condoms,2026-06-01,Main,Service AI,Consumption LMIS,293565
Male Condoms,2023-07-01,Main,Demographic,Actual Consumption,2836230
Male Condoms,2023-07-01,Main,Demographic,Service Excel,4739392
Male Condoms,2023-07-01,Main,Demographic,Service AI,4641896
Male Condoms,2023-07-01,Main,Demographic,Consumption Excel,1722318
Male Condoms,2023-07-01,Main,Demographic,Consumption AI,3312390
Male Condoms,2023-07-01,Main,Demographic,Demographic,3948358
Male Condoms,2023-07-01,Main,Demographic,Consumption LMIS,NA
Male Condoms,2023-08-01,Main,Demographic,Actual Consumption,2841063
Male Condoms,2023-08-01,Main,Demographic,Service Excel,4739392
Male Condoms,2023-08-01,Main,Demographic,Service AI,4640184
Male Condoms,2023-08-01,Main,Demographic,Consumption Excel,1722318
Male Condoms,2023-08-01,Main,Demographic,Consumption AI,3283109
Male Condoms,2023-08-01,Main,Demographic,Demographic,3948358
Male Condoms,2023-08-01,Main,Demographic,Consumption LMIS,NA
Male Condoms,2023-09-01,Main,Demographic,Actual Consumption,3045910
Male Condoms,2023-09-01,Main,Demographic,Service Excel,4739392
Male Condoms,2023-09-01,Main,Demographic,Service AI,4883434
Male Condoms,2023-09-01,Main,Demographic,Consumption Excel,1722318
Male Condoms,2023-09-01,Main,Demographic,Consumption AI,3286388
Male Condoms,2023-09-01,Main,Demographic,Demographic,3948358
Male Condoms,2023-09-01,Main,Demographic,Consumption LMIS,NA
Male Condoms,2023-10-01,Main,Demographic,Actual Consumption,3663415
Male Condoms,2023-10-01,Main,Demographic,Service Excel,4739392
Male Condoms,2023-10-01,Main,Demographic,Service AI,3818659
Male Condoms,2023-10-01,Main,Demographic,Consumption Excel,1722318
Male Condoms,2023-10-01,Main,Demographic,Consumption AI,3266863
Male Condoms,2023-10-01,Main,Demographic,Demographic,3948358
Male Condoms,2023-10-01,Main,Demographic,Consumption LMIS,NA
Male Condoms,2023-11-01,Main,Demographic,Actual Consumption,2976722
Male Condoms,2023-11-01,Main,Demographic,Service Excel,4739392
Male Condoms,2023-11-01,Main,Demographic,Service AI,3678636
Male Condoms,2023-11-01,Main,Demographic,Consumption Excel,1722318
Male Condoms,2023-11-01,Main,Demographic,Consumption AI,3255456
Male Condoms,2023-11-01,Main,Demographic,Demographic,3948358
Male Condoms,2023-11-01,Main,Demographic,Consumption LMIS,NA
Male Condoms,2023-12-01,Main,Demographic,Actual Consumption,3112028
Male Condoms,2023-12-01,Main,Demographic,Service Excel,4739392
Male Condoms,2023-12-01,Main,Demographic,Service AI,4685819
Male Condoms,2023-12-01,Main,Demographic,Consumption Excel,1722318
Male Condoms,2023-12-01,Main,Demographic,Consumption AI,3266268
Male Condoms,2023-12-01,Main,Demographic,Demographic,3948358
Male Condoms,2023-12-01,Main,Demographic,Consumption LMIS,NA
Male Condoms,2024-01-01,Main,Demographic,Actual Consumption,3178418
Male Condoms,2024-01-01,Main,Demographic,Service Excel,4739392
Male Condoms,2024-01-01,Main,Demographic,Service AI,4580432
Male Condoms,2024-01-01,Main,Demographic,Consumption Excel,1722318
Male Condoms,2024-01-01,Main,Demographic,Consumption AI,3249069
Male Condoms,2024-01-01,Main,Demographic,Demographic,3948358
Male Condoms,2024-01-01,Main,Demographic,Consumption LMIS,NA
Male Condoms,2024-02-01,Main,Demographic,Actual Consumption,3506458
Male Condoms,2024-02-01,Main,Demographic,Service Excel,4739392
Male Condoms,2024-02-01,Main,Demographic,Service AI,4110842
Male Condoms,2024-02-01,Main,Demographic,Consumption Excel,1722318
Male Condoms,2024-02-01,Main,Demographic,Consumption AI,3265053
Male Condoms,2024-02-01,Main,Demographic,Demographic,3948358
Male Condoms,2024-02-01,Main,Demographic,Consumption LMIS,NA
Male Condoms,2024-03-01,Main,Demographic,Actual Consumption,2505489
Male Condoms,2024-03-01,Main,Demographic,Service Excel,4739392
Male Condoms,2024-03-01,Main,Demographic,Service AI,4093254
Male Condoms,2024-03-01,Main,Demographic,Consumption Excel,1722318
Male Condoms,2024-03-01,Main,Demographic,Consumption AI,3297681
Male Condoms,2024-03-01,Main,Demographic,Demographic,3948358
Male Condoms,2024-03-01,Main,Demographic,Consumption LMIS,NA
Male Condoms,2024-04-01,Main,Demographic,Actual Consumption,2617195
Male Condoms,2024-04-01,Main,Demographic,Service Excel,4739392
Male Condoms,2024-04-01,Main,Demographic,Service AI,3115809
Male Condoms,2024-04-01,Main,Demographic,Consumption Excel,1722318
Male Condoms,2024-04-01,Main,Demographic,Consumption AI,3284942
Male Condoms,2024-04-01,Main,Demographic,Demographic,3948358
Male Condoms,2024-04-01,Main,Demographic,Consumption LMIS,NA
Male Condoms,2024-05-01,Main,Demographic,Actual Consumption,3003823
Male Condoms,2024-05-01,Main,Demographic,Service Excel,4739392
Male Condoms,2024-05-01,Main,Demographic,Service AI,3235526
Male Condoms,2024-05-01,Main,Demographic,Consumption Excel,1722318
Male Condoms,2024-05-01,Main,Demographic,Consumption AI,3269498
Male Condoms,2024-05-01,Main,Demographic,Demographic,3948358
Male Condoms,2024-05-01,Main,Demographic,Consumption LMIS,NA
Male Condoms,2024-06-01,Main,Demographic,Actual Consumption,2198161
Male Condoms,2024-06-01,Main,Demographic,Service Excel,4739392
Male Condoms,2024-06-01,Main,Demographic,Service AI,3627436
Male Condoms,2024-06-01,Main,Demographic,Consumption Excel,1722318
Male Condoms,2024-06-01,Main,Demographic,Consumption AI,3312142
Male Condoms,2024-06-01,Main,Demographic,Demographic,3948358
Male Condoms,2024-06-01,Main,Demographic,Consumption LMIS,NA
Male Condoms,2024-07-01,Main,Demographic,Actual Consumption,2138146
Male Condoms,2024-07-01,Main,Demographic,Service Excel,409239
Male Condoms,2024-07-01,Main,Demographic,Service AI,431078
Male Condoms,2024-07-01,Main,Demographic,Consumption Excel,2032076
Male Condoms,2024-07-01,Main,Demographic,Consumption AI,1855807
Male Condoms,2024-07-01,Main,Demographic,Demographic,3240259
Male Condoms,2024-07-01,Main,Demographic,Consumption LMIS,NA
Male Condoms,2024-08-01,Main,Demographic,Actual Consumption,2306557
Male Condoms,2024-08-01,Main,Demographic,Service Excel,409239
Male Condoms,2024-08-01,Main,Demographic,Service AI,431078
Male Condoms,2024-08-01,Main,Demographic,Consumption Excel,2032076
Male Condoms,2024-08-01,Main,Demographic,Consumption AI,1855807
Male Condoms,2024-08-01,Main,Demographic,Demographic,3240259
Male Condoms,2024-08-01,Main,Demographic,Consumption LMIS,NA
Male Condoms,2024-09-01,Main,Demographic,Actual Consumption,1846024
Male Condoms,2024-09-01,Main,Demographic,Service Excel,409239
Male Condoms,2024-09-01,Main,Demographic,Service AI,431078
Male Condoms,2024-09-01,Main,Demographic,Consumption Excel,2032076
Male Condoms,2024-09-01,Main,Demographic,Consumption AI,1855807
Male Condoms,2024-09-01,Main,Demographic,Demographic,3240259
Male Condoms,2024-09-01,Main,Demographic,Consumption LMIS,NA
Male Condoms,2024-10-01,Main,Demographic,Actual Consumption,1991640
Male Condoms,2024-10-01,Main,Demographic,Service Excel,409239
Male Condoms,2024-10-01,Main,Demographic,Service AI,431078
Male Condoms,2024-10-01,Main,Demographic,Consumption Excel,2032076
Male Condoms,2024-10-01,Main,Demographic,Consumption AI,1855807
Male Condoms,2024-10-01,Main,Demographic,Demographic,3240259
Male Condoms,2024-10-01,Main,Demographic,Consumption LMIS,NA
Male Condoms,2024-11-01,Main,Demographic,Actual Consumption,1772441
Male Condoms,2024-11-01,Main,Demographic,Service Excel,409239
Male Condoms,2024-11-01,Main,Demographic,Service AI,431078
Male Condoms,2024-11-01,Main,Demographic,Consumption Excel,2032076
Male Condoms,2024-11-01,Main,Demographic,Consumption AI,1855807
Male Condoms,2024-11-01,Main,Demographic,Demographic,3240259
Male Condoms,2024-11-01,Main,Demographic,Consumption LMIS,NA
Male Condoms,2024-12-01,Main,Demographic,Actual Consumption,1500712
Male Condoms,2024-12-01,Main,Demographic,Service Excel,409239
Male Condoms,2024-12-01,Main,Demographic,Service AI,431078
Male Condoms,2024-12-01,Main,Demographic,Consumption Excel,2032076
Male Condoms,2024-12-01,Main,Demographic,Consumption AI,1855807
Male Condoms,2024-12-01,Main,Demographic,Demographic,3240259
Male Condoms,2024-12-01,Main,Demographic,Consumption LMIS,NA
Male Condoms,2025-01-01,Main,Demographic,Actual Consumption,1567297
Male Condoms,2025-01-01,Main,Demographic,Service Excel,409239
Male Condoms,2025-01-01,Main,Demographic,Service AI,431078
Male Condoms,2025-01-01,Main,Demographic,Consumption Excel,2032076
Male Condoms,2025-01-01,Main,Demographic,Consumption AI,1855807
Male Condoms,2025-01-01,Main,Demographic,Demographic,3240259
Male Condoms,2025-01-01,Main,Demographic,Consumption LMIS,NA
Male Condoms,2025-02-01,Main,Demographic,Actual Consumption,1027085
Male Condoms,2025-02-01,Main,Demographic,Service Excel,409239
Male Condoms,2025-02-01,Main,Demographic,Service AI,431078
Male Condoms,2025-02-01,Main,Demographic,Consumption Excel,2032076
Male Condoms,2025-02-01,Main,Demographic,Consumption AI,1855807
Male Condoms,2025-02-01,Main,Demographic,Demographic,3240259
Male Condoms,2025-02-01,Main,Demographic,Consumption LMIS,NA
Male Condoms,2025-03-01,Main,Demographic,Actual Consumption,1327254
Male Condoms,2025-03-01,Main,Demographic,Service Excel,409239
Male Condoms,2025-03-01,Main,Demographic,Service AI,431078
Male Condoms,2025-03-01,Main,Demographic,Consumption Excel,2032076
Male Condoms,2025-03-01,Main,Demographic,Consumption AI,1855807
Male Condoms,2025-03-01,Main,Demographic,Demographic,3240259
Male Condoms,2025-03-01,Main,Demographic,Consumption LMIS,NA
Male Condoms,2025-04-01,Main,Demographic,Actual Consumption,1145432
Male Condoms,2025-04-01,Main,Demographic,Service Excel,409239
Male Condoms,2025-04-01,Main,Demographic,Service AI,431078
Male Condoms,2025-04-01,Main,Demographic,Consumption Excel,2032076
Male Condoms,2025-04-01,Main,Demographic,Consumption AI,1855807
Male Condoms,2025-04-01,Main,Demographic,Demographic,3240259
Male Condoms,2025-04-01,Main,Demographic,Consumption LMIS,NA
Male Condoms,2025-05-01,Main,Demographic,Actual Consumption,1022867
Male Condoms,2025-05-01,Main,Demographic,Service Excel,409239
Male Condoms,2025-05-01,Main,Demographic,Service AI,431078
Male Condoms,2025-05-01,Main,Demographic,Consumption Excel,2032076
Male Condoms,2025-05-01,Main,Demographic,Consumption AI,1855807
Male Condoms,2025-05-01,Main,Demographic,Demographic,3240259
Male Condoms,2025-05-01,Main,Demographic,Consumption LMIS,NA
Male Condoms,2025-06-01,Main,Demographic,Actual Consumption,1210983
Male Condoms,2025-06-01,Main,Demographic,Service Excel,409239
Male Condoms,2025-06-01,Main,Demographic,Service AI,431078
Male Condoms,2025-06-01,Main,Demographic,Consumption Excel,2032076
Male Condoms,2025-06-01,Main,Demographic,Consumption AI,1855807
Male Condoms,2025-06-01,Main,Demographic,Demographic,3240259
Male Condoms,2025-06-01,Main,Demographic,Consumption LMIS,NA
Male Condoms,2024-07-01,Review,Demographic,Actual Consumption,2138146
Male Condoms,2024-07-01,Review,Demographic,Service Excel,495800
Male Condoms,2024-07-01,Review,Demographic,Service AI,3240259
Male Condoms,2024-07-01,Review,Demographic,Consumption Excel,2634306
Male Condoms,2024-07-01,Review,Demographic,Consumption AI,2600380
Male Condoms,2024-07-01,Review,Demographic,Demographic,3094611
Male Condoms,2024-07-01,Review,Demographic,Consumption LMIS,NA
Male Condoms,2024-08-01,Review,Demographic,Actual Consumption,2306557
Male Condoms,2024-08-01,Review,Demographic,Service Excel,495800
Male Condoms,2024-08-01,Review,Demographic,Service AI,3240259
Male Condoms,2024-08-01,Review,Demographic,Consumption Excel,2634306
Male Condoms,2024-08-01,Review,Demographic,Consumption AI,2600380
Male Condoms,2024-08-01,Review,Demographic,Demographic,3094611
Male Condoms,2024-08-01,Review,Demographic,Consumption LMIS,NA
Male Condoms,2024-09-01,Review,Demographic,Actual Consumption,1846024
Male Condoms,2024-09-01,Review,Demographic,Service Excel,495800
Male Condoms,2024-09-01,Review,Demographic,Service AI,3240259
Male Condoms,2024-09-01,Review,Demographic,Consumption Excel,2634306
Male Condoms,2024-09-01,Review,Demographic,Consumption AI,2600380
Male Condoms,2024-09-01,Review,Demographic,Demographic,3094611
Male Condoms,2024-09-01,Review,Demographic,Consumption LMIS,NA
Male Condoms,2024-10-01,Review,Demographic,Actual Consumption,1991640
Male Condoms,2024-10-01,Review,Demographic,Service Excel,495800
Male Condoms,2024-10-01,Review,Demographic,Service AI,3240259
Male Condoms,2024-10-01,Review,Demographic,Consumption Excel,2634306
Male Condoms,2024-10-01,Review,Demographic,Consumption AI,2600380
Male Condoms,2024-10-01,Review,Demographic,Demographic,3094611
Male Condoms,2024-10-01,Review,Demographic,Consumption LMIS,NA
Male Condoms,2024-11-01,Review,Demographic,Actual Consumption,1772441
Male Condoms,2024-11-01,Review,Demographic,Service Excel,495800
Male Condoms,2024-11-01,Review,Demographic,Service AI,3240259
Male Condoms,2024-11-01,Review,Demographic,Consumption Excel,2634306
Male Condoms,2024-11-01,Review,Demographic,Consumption AI,2600380
Male Condoms,2024-11-01,Review,Demographic,Demographic,3094611
Male Condoms,2024-11-01,Review,Demographic,Consumption LMIS,NA
Male Condoms,2024-12-01,Review,Demographic,Actual Consumption,1500712
Male Condoms,2024-12-01,Review,Demographic,Service Excel,495800
Male Condoms,2024-12-01,Review,Demographic,Service AI,3240259
Male Condoms,2024-12-01,Review,Demographic,Consumption Excel,2634306
Male Condoms,2024-12-01,Review,Demographic,Consumption AI,2600380
Male Condoms,2024-12-01,Review,Demographic,Demographic,3094611
Male Condoms,2024-12-01,Review,Demographic,Consumption LMIS,NA
Male Condoms,2025-01-01,Review,Demographic,Actual Consumption,1567297
Male Condoms,2025-01-01,Review,Demographic,Service Excel,495800
Male Condoms,2025-01-01,Review,Demographic,Service AI,3240259
Male Condoms,2025-01-01,Review,Demographic,Consumption Excel,2634306
Male Condoms,2025-01-01,Review,Demographic,Consumption AI,2600380
Male Condoms,2025-01-01,Review,Demographic,Demographic,3094611
Male Condoms,2025-01-01,Review,Demographic,Consumption LMIS,NA
Male Condoms,2025-02-01,Review,Demographic,Actual Consumption,1027085
Male Condoms,2025-02-01,Review,Demographic,Service Excel,495800
Male Condoms,2025-02-01,Review,Demographic,Service AI,3240259
Male Condoms,2025-02-01,Review,Demographic,Consumption Excel,2634306
Male Condoms,2025-02-01,Review,Demographic,Consumption AI,2600380
Male Condoms,2025-02-01,Review,Demographic,Demographic,3094611
Male Condoms,2025-02-01,Review,Demographic,Consumption LMIS,NA
Male Condoms,2025-03-01,Review,Demographic,Actual Consumption,1327254
Male Condoms,2025-03-01,Review,Demographic,Service Excel,495800
Male Condoms,2025-03-01,Review,Demographic,Service AI,3240259
Male Condoms,2025-03-01,Review,Demographic,Consumption Excel,2634306
Male Condoms,2025-03-01,Review,Demographic,Consumption AI,2600380
Male Condoms,2025-03-01,Review,Demographic,Demographic,3094611
Male Condoms,2025-03-01,Review,Demographic,Consumption LMIS,NA
Male Condoms,2025-04-01,Review,Demographic,Actual Consumption,1145432
Male Condoms,2025-04-01,Review,Demographic,Service Excel,495800
Male Condoms,2025-04-01,Review,Demographic,Service AI,3240259
Male Condoms,2025-04-01,Review,Demographic,Consumption Excel,2634306
Male Condoms,2025-04-01,Review,Demographic,Consumption AI,2600380
Male Condoms,2025-04-01,Review,Demographic,Demographic,3094611
Male Condoms,2025-04-01,Review,Demographic,Consumption LMIS,NA
Male Condoms,2025-05-01,Review,Demographic,Actual Consumption,1022867
Male Condoms,2025-05-01,Review,Demographic,Service Excel,495800
Male Condoms,2025-05-01,Review,Demographic,Service AI,3240259
Male Condoms,2025-05-01,Review,Demographic,Consumption Excel,2634306
Male Condoms,2025-05-01,Review,Demographic,Consumption AI,2600380
Male Condoms,2025-05-01,Review,Demographic,Demographic,3094611
Male Condoms,2025-05-01,Review,Demographic,Consumption LMIS,NA
Male Condoms,2025-06-01,Review,Demographic,Actual Consumption,1210983
Male Condoms,2025-06-01,Review,Demographic,Service Excel,495800
Male Condoms,2025-06-01,Review,Demographic,Service AI,3240259
Male Condoms,2025-06-01,Review,Demographic,Consumption Excel,2634306
Male Condoms,2025-06-01,Review,Demographic,Consumption AI,2600380
Male Condoms,2025-06-01,Review,Demographic,Demographic,3094611
Male Condoms,2025-06-01,Review,Demographic,Consumption LMIS,NA
Male Condoms,2025-07-01,Main,Consumption LMIS,Actual Consumption,1322191
Male Condoms,2025-07-01,Main,Consumption LMIS,Service Excel,NA
Male Condoms,2025-07-01,Main,Consumption LMIS,Service AI,477839
Male Condoms,2025-07-01,Main,Consumption LMIS,Consumption Excel,NA
Male Condoms,2025-07-01,Main,Consumption LMIS,Consumption AI,1619329
Male Condoms,2025-07-01,Main,Consumption LMIS,Demographic,1749890.5
Male Condoms,2025-07-01,Main,Consumption LMIS,Consumption LMIS,3253078
Male Condoms,2025-08-01,Main,Consumption LMIS,Actual Consumption,1335238
Male Condoms,2025-08-01,Main,Consumption LMIS,Service Excel,NA
Male Condoms,2025-08-01,Main,Consumption LMIS,Service AI,431394
Male Condoms,2025-08-01,Main,Consumption LMIS,Consumption Excel,NA
Male Condoms,2025-08-01,Main,Consumption LMIS,Consumption AI,1652288
Male Condoms,2025-08-01,Main,Consumption LMIS,Demographic,1749890.5
Male Condoms,2025-08-01,Main,Consumption LMIS,Consumption LMIS,3253078
Male Condoms,2025-09-01,Main,Consumption LMIS,Actual Consumption,1391032
Male Condoms,2025-09-01,Main,Consumption LMIS,Service Excel,NA
Male Condoms,2025-09-01,Main,Consumption LMIS,Service AI,446326
Male Condoms,2025-09-01,Main,Consumption LMIS,Consumption Excel,NA
Male Condoms,2025-09-01,Main,Consumption LMIS,Consumption AI,1620084
Male Condoms,2025-09-01,Main,Consumption LMIS,Demographic,1749890.5
Male Condoms,2025-09-01,Main,Consumption LMIS,Consumption LMIS,3253078
Male Condoms,2025-10-01,Main,Consumption LMIS,Actual Consumption,1463581
Male Condoms,2025-10-01,Main,Consumption LMIS,Service Excel,NA
Male Condoms,2025-10-01,Main,Consumption LMIS,Service AI,446350
Male Condoms,2025-10-01,Main,Consumption LMIS,Consumption Excel,NA
Male Condoms,2025-10-01,Main,Consumption LMIS,Consumption AI,1696222
Male Condoms,2025-10-01,Main,Consumption LMIS,Demographic,1749890.5
Male Condoms,2025-10-01,Main,Consumption LMIS,Consumption LMIS,3253078
Male Condoms,2025-11-01,Main,Consumption LMIS,Actual Consumption,1485416
Male Condoms,2025-11-01,Main,Consumption LMIS,Service Excel,NA
Male Condoms,2025-11-01,Main,Consumption LMIS,Service AI,428932
Male Condoms,2025-11-01,Main,Consumption LMIS,Consumption Excel,NA
Male Condoms,2025-11-01,Main,Consumption LMIS,Consumption AI,1667928
Male Condoms,2025-11-01,Main,Consumption LMIS,Demographic,1749890.5
Male Condoms,2025-11-01,Main,Consumption LMIS,Consumption LMIS,3253078
Male Condoms,2025-12-01,Main,Consumption LMIS,Actual Consumption,1347598
Male Condoms,2025-12-01,Main,Consumption LMIS,Service Excel,NA
Male Condoms,2025-12-01,Main,Consumption LMIS,Service AI,467356
Male Condoms,2025-12-01,Main,Consumption LMIS,Consumption Excel,NA
Male Condoms,2025-12-01,Main,Consumption LMIS,Consumption AI,1451269
Male Condoms,2025-12-01,Main,Consumption LMIS,Demographic,1749890.5
Male Condoms,2025-12-01,Main,Consumption LMIS,Consumption LMIS,3253078
Male Condoms,2026-01-01,Main,Consumption LMIS,Actual Consumption,1327627
Male Condoms,2026-01-01,Main,Consumption LMIS,Service Excel,NA
Male Condoms,2026-01-01,Main,Consumption LMIS,Service AI,410395
Male Condoms,2026-01-01,Main,Consumption LMIS,Consumption Excel,NA
Male Condoms,2026-01-01,Main,Consumption LMIS,Consumption AI,1780970
Male Condoms,2026-01-01,Main,Consumption LMIS,Demographic,1749890.5
Male Condoms,2026-01-01,Main,Consumption LMIS,Consumption LMIS,3253078
Male Condoms,2026-02-01,Main,Consumption LMIS,Actual Consumption,1287449
Male Condoms,2026-02-01,Main,Consumption LMIS,Service Excel,NA
Male Condoms,2026-02-01,Main,Consumption LMIS,Service AI,399420
Male Condoms,2026-02-01,Main,Consumption LMIS,Consumption Excel,NA
Male Condoms,2026-02-01,Main,Consumption LMIS,Consumption AI,1439586
Male Condoms,2026-02-01,Main,Consumption LMIS,Demographic,1749890.5
Male Condoms,2026-02-01,Main,Consumption LMIS,Consumption LMIS,3253078
Male Condoms,2026-03-01,Main,Consumption LMIS,Actual Consumption,2117956
Male Condoms,2026-03-01,Main,Consumption LMIS,Service Excel,NA
Male Condoms,2026-03-01,Main,Consumption LMIS,Service AI,462582
Male Condoms,2026-03-01,Main,Consumption LMIS,Consumption Excel,NA
Male Condoms,2026-03-01,Main,Consumption LMIS,Consumption AI,1524370
Male Condoms,2026-03-01,Main,Consumption LMIS,Demographic,1749890.5
Male Condoms,2026-03-01,Main,Consumption LMIS,Consumption LMIS,3253078
Male Condoms,2026-04-01,Main,Consumption LMIS,Actual Consumption,1469830
Male Condoms,2026-04-01,Main,Consumption LMIS,Service Excel,NA
Male Condoms,2026-04-01,Main,Consumption LMIS,Service AI,389569
Male Condoms,2026-04-01,Main,Consumption LMIS,Consumption Excel,NA
Male Condoms,2026-04-01,Main,Consumption LMIS,Consumption AI,1494963
Male Condoms,2026-04-01,Main,Consumption LMIS,Demographic,1749890.5
Male Condoms,2026-04-01,Main,Consumption LMIS,Consumption LMIS,3253078
Male Condoms,2026-05-01,Main,Consumption LMIS,Actual Consumption,1625046
Male Condoms,2026-05-01,Main,Consumption LMIS,Service Excel,NA
Male Condoms,2026-05-01,Main,Consumption LMIS,Service AI,434166
Male Condoms,2026-05-01,Main,Consumption LMIS,Consumption Excel,NA
Male Condoms,2026-05-01,Main,Consumption LMIS,Consumption AI,1478096
Male Condoms,2026-05-01,Main,Consumption LMIS,Demographic,1749890.5
Male Condoms,2026-05-01,Main,Consumption LMIS,Consumption LMIS,3253078
Male Condoms,2026-06-01,Main,Consumption LMIS,Actual Consumption,1812639
Male Condoms,2026-06-01,Main,Consumption LMIS,Service Excel,NA
Male Condoms,2026-06-01,Main,Consumption LMIS,Service AI,447189
Male Condoms,2026-06-01,Main,Consumption LMIS,Consumption Excel,NA
Male Condoms,2026-06-01,Main,Consumption LMIS,Consumption AI,1512001
Male Condoms,2026-06-01,Main,Consumption LMIS,Demographic,1749890.5
Male Condoms,2026-06-01,Main,Consumption LMIS,Consumption LMIS,3253078
POPs,2023-07-01,Main,Consumption AI,Actual Consumption,38358
POPs,2023-07-01,Main,Consumption AI,Service Excel,38576
POPs,2023-07-01,Main,Consumption AI,Service AI,23715
POPs,2023-07-01,Main,Consumption AI,Consumption Excel,27738
POPs,2023-07-01,Main,Consumption AI,Consumption AI,28770
POPs,2023-07-01,Main,Consumption AI,Demographic,113923
POPs,2023-07-01,Main,Consumption AI,Consumption LMIS,NA
POPs,2023-08-01,Main,Consumption AI,Actual Consumption,34444
POPs,2023-08-01,Main,Consumption AI,Service Excel,38576
POPs,2023-08-01,Main,Consumption AI,Service AI,23655
POPs,2023-08-01,Main,Consumption AI,Consumption Excel,27738
POPs,2023-08-01,Main,Consumption AI,Consumption AI,28680
POPs,2023-08-01,Main,Consumption AI,Demographic,113923
POPs,2023-08-01,Main,Consumption AI,Consumption LMIS,NA
POPs,2023-09-01,Main,Consumption AI,Actual Consumption,58079
POPs,2023-09-01,Main,Consumption AI,Service Excel,38576
POPs,2023-09-01,Main,Consumption AI,Service AI,23624
POPs,2023-09-01,Main,Consumption AI,Consumption Excel,27738
POPs,2023-09-01,Main,Consumption AI,Consumption AI,28587
POPs,2023-09-01,Main,Consumption AI,Demographic,113923
POPs,2023-09-01,Main,Consumption AI,Consumption LMIS,NA
POPs,2023-10-01,Main,Consumption AI,Actual Consumption,33313
POPs,2023-10-01,Main,Consumption AI,Service Excel,38576
POPs,2023-10-01,Main,Consumption AI,Service AI,23623
POPs,2023-10-01,Main,Consumption AI,Consumption Excel,27738
POPs,2023-10-01,Main,Consumption AI,Consumption AI,28497
POPs,2023-10-01,Main,Consumption AI,Demographic,113923
POPs,2023-10-01,Main,Consumption AI,Consumption LMIS,NA
POPs,2023-11-01,Main,Consumption AI,Actual Consumption,33021
POPs,2023-11-01,Main,Consumption AI,Service Excel,38576
POPs,2023-11-01,Main,Consumption AI,Service AI,23857
POPs,2023-11-01,Main,Consumption AI,Consumption Excel,27738
POPs,2023-11-01,Main,Consumption AI,Consumption AI,28403
POPs,2023-11-01,Main,Consumption AI,Demographic,113923
POPs,2023-11-01,Main,Consumption AI,Consumption LMIS,NA
POPs,2023-12-01,Main,Consumption AI,Actual Consumption,28857
POPs,2023-12-01,Main,Consumption AI,Service Excel,38576
POPs,2023-12-01,Main,Consumption AI,Service AI,23649
POPs,2023-12-01,Main,Consumption AI,Consumption Excel,27738
POPs,2023-12-01,Main,Consumption AI,Consumption AI,28310
POPs,2023-12-01,Main,Consumption AI,Demographic,113923
POPs,2023-12-01,Main,Consumption AI,Consumption LMIS,NA
POPs,2024-01-01,Main,Consumption AI,Actual Consumption,33768
POPs,2024-01-01,Main,Consumption AI,Service Excel,38576
POPs,2024-01-01,Main,Consumption AI,Service AI,23686
POPs,2024-01-01,Main,Consumption AI,Consumption Excel,27738
POPs,2024-01-01,Main,Consumption AI,Consumption AI,28220
POPs,2024-01-01,Main,Consumption AI,Demographic,113923
POPs,2024-01-01,Main,Consumption AI,Consumption LMIS,NA
POPs,2024-02-01,Main,Consumption AI,Actual Consumption,31093
POPs,2024-02-01,Main,Consumption AI,Service Excel,38576
POPs,2024-02-01,Main,Consumption AI,Service AI,23378
POPs,2024-02-01,Main,Consumption AI,Consumption Excel,27738
POPs,2024-02-01,Main,Consumption AI,Consumption AI,28127
POPs,2024-02-01,Main,Consumption AI,Demographic,113923
POPs,2024-02-01,Main,Consumption AI,Consumption LMIS,NA
POPs,2024-03-01,Main,Consumption AI,Actual Consumption,28780
POPs,2024-03-01,Main,Consumption AI,Service Excel,38576
POPs,2024-03-01,Main,Consumption AI,Service AI,23671
POPs,2024-03-01,Main,Consumption AI,Consumption Excel,27738
POPs,2024-03-01,Main,Consumption AI,Consumption AI,28036
POPs,2024-03-01,Main,Consumption AI,Demographic,113923
POPs,2024-03-01,Main,Consumption AI,Consumption LMIS,NA
POPs,2024-04-01,Main,Consumption AI,Actual Consumption,31501
POPs,2024-04-01,Main,Consumption AI,Service Excel,38576
POPs,2024-04-01,Main,Consumption AI,Service AI,23829
POPs,2024-04-01,Main,Consumption AI,Consumption Excel,27738
POPs,2024-04-01,Main,Consumption AI,Consumption AI,27943
POPs,2024-04-01,Main,Consumption AI,Demographic,113923
POPs,2024-04-01,Main,Consumption AI,Consumption LMIS,NA
POPs,2024-05-01,Main,Consumption AI,Actual Consumption,32637
POPs,2024-05-01,Main,Consumption AI,Service Excel,38576
POPs,2024-05-01,Main,Consumption AI,Service AI,23727
POPs,2024-05-01,Main,Consumption AI,Consumption Excel,27738
POPs,2024-05-01,Main,Consumption AI,Consumption AI,27850
POPs,2024-05-01,Main,Consumption AI,Demographic,113923
POPs,2024-05-01,Main,Consumption AI,Consumption LMIS,NA
POPs,2024-06-01,Main,Consumption AI,Actual Consumption,30390
POPs,2024-06-01,Main,Consumption AI,Service Excel,38576
POPs,2024-06-01,Main,Consumption AI,Service AI,23573
POPs,2024-06-01,Main,Consumption AI,Consumption Excel,27738
POPs,2024-06-01,Main,Consumption AI,Consumption AI,27763
POPs,2024-06-01,Main,Consumption AI,Demographic,113923
POPs,2024-06-01,Main,Consumption AI,Consumption LMIS,NA
POPs,2024-07-01,Main,Consumption Excel,Actual Consumption,34514
POPs,2024-07-01,Main,Consumption Excel,Service Excel,35085
POPs,2024-07-01,Main,Consumption Excel,Service AI,27140
POPs,2024-07-01,Main,Consumption Excel,Consumption Excel,29906
POPs,2024-07-01,Main,Consumption Excel,Consumption AI,27436
POPs,2024-07-01,Main,Consumption Excel,Demographic,127972
POPs,2024-07-01,Main,Consumption Excel,Consumption LMIS,NA
POPs,2024-08-01,Main,Consumption Excel,Actual Consumption,31825
POPs,2024-08-01,Main,Consumption Excel,Service Excel,35085
POPs,2024-08-01,Main,Consumption Excel,Service AI,27140
POPs,2024-08-01,Main,Consumption Excel,Consumption Excel,29906
POPs,2024-08-01,Main,Consumption Excel,Consumption AI,27436
POPs,2024-08-01,Main,Consumption Excel,Demographic,127972
POPs,2024-08-01,Main,Consumption Excel,Consumption LMIS,NA
POPs,2024-09-01,Main,Consumption Excel,Actual Consumption,26070
POPs,2024-09-01,Main,Consumption Excel,Service Excel,35085
POPs,2024-09-01,Main,Consumption Excel,Service AI,27140
POPs,2024-09-01,Main,Consumption Excel,Consumption Excel,29906
POPs,2024-09-01,Main,Consumption Excel,Consumption AI,27436
POPs,2024-09-01,Main,Consumption Excel,Demographic,127972
POPs,2024-09-01,Main,Consumption Excel,Consumption LMIS,NA
POPs,2024-10-01,Main,Consumption Excel,Actual Consumption,30346
POPs,2024-10-01,Main,Consumption Excel,Service Excel,35085
POPs,2024-10-01,Main,Consumption Excel,Service AI,27140
POPs,2024-10-01,Main,Consumption Excel,Consumption Excel,29906
POPs,2024-10-01,Main,Consumption Excel,Consumption AI,27436
POPs,2024-10-01,Main,Consumption Excel,Demographic,127972
POPs,2024-10-01,Main,Consumption Excel,Consumption LMIS,NA
POPs,2024-11-01,Main,Consumption Excel,Actual Consumption,24661
POPs,2024-11-01,Main,Consumption Excel,Service Excel,35085
POPs,2024-11-01,Main,Consumption Excel,Service AI,27140
POPs,2024-11-01,Main,Consumption Excel,Consumption Excel,29906
POPs,2024-11-01,Main,Consumption Excel,Consumption AI,27436
POPs,2024-11-01,Main,Consumption Excel,Demographic,127972
POPs,2024-11-01,Main,Consumption Excel,Consumption LMIS,NA
POPs,2024-12-01,Main,Consumption Excel,Actual Consumption,22726
POPs,2024-12-01,Main,Consumption Excel,Service Excel,35085
POPs,2024-12-01,Main,Consumption Excel,Service AI,27140
POPs,2024-12-01,Main,Consumption Excel,Consumption Excel,29906
POPs,2024-12-01,Main,Consumption Excel,Consumption AI,27436
POPs,2024-12-01,Main,Consumption Excel,Demographic,127972
POPs,2024-12-01,Main,Consumption Excel,Consumption LMIS,NA
POPs,2025-01-01,Main,Consumption Excel,Actual Consumption,25802
POPs,2025-01-01,Main,Consumption Excel,Service Excel,35085
POPs,2025-01-01,Main,Consumption Excel,Service AI,27140
POPs,2025-01-01,Main,Consumption Excel,Consumption Excel,29906
POPs,2025-01-01,Main,Consumption Excel,Consumption AI,27436
POPs,2025-01-01,Main,Consumption Excel,Demographic,127972
POPs,2025-01-01,Main,Consumption Excel,Consumption LMIS,NA
POPs,2025-02-01,Main,Consumption Excel,Actual Consumption,23900
POPs,2025-02-01,Main,Consumption Excel,Service Excel,35085
POPs,2025-02-01,Main,Consumption Excel,Service AI,27140
POPs,2025-02-01,Main,Consumption Excel,Consumption Excel,29906
POPs,2025-02-01,Main,Consumption Excel,Consumption AI,27436
POPs,2025-02-01,Main,Consumption Excel,Demographic,127972
POPs,2025-02-01,Main,Consumption Excel,Consumption LMIS,NA
POPs,2025-03-01,Main,Consumption Excel,Actual Consumption,22039
POPs,2025-03-01,Main,Consumption Excel,Service Excel,35085
POPs,2025-03-01,Main,Consumption Excel,Service AI,27140
POPs,2025-03-01,Main,Consumption Excel,Consumption Excel,29906
POPs,2025-03-01,Main,Consumption Excel,Consumption AI,27436
POPs,2025-03-01,Main,Consumption Excel,Demographic,127972
POPs,2025-03-01,Main,Consumption Excel,Consumption LMIS,NA
POPs,2025-04-01,Main,Consumption Excel,Actual Consumption,24204
POPs,2025-04-01,Main,Consumption Excel,Service Excel,35085
POPs,2025-04-01,Main,Consumption Excel,Service AI,27140
POPs,2025-04-01,Main,Consumption Excel,Consumption Excel,29906
POPs,2025-04-01,Main,Consumption Excel,Consumption AI,27436
POPs,2025-04-01,Main,Consumption Excel,Demographic,127972
POPs,2025-04-01,Main,Consumption Excel,Consumption LMIS,NA
POPs,2025-05-01,Main,Consumption Excel,Actual Consumption,27040
POPs,2025-05-01,Main,Consumption Excel,Service Excel,35085
POPs,2025-05-01,Main,Consumption Excel,Service AI,27140
POPs,2025-05-01,Main,Consumption Excel,Consumption Excel,29906
POPs,2025-05-01,Main,Consumption Excel,Consumption AI,27436
POPs,2025-05-01,Main,Consumption Excel,Demographic,127972
POPs,2025-05-01,Main,Consumption Excel,Consumption LMIS,NA
POPs,2025-06-01,Main,Consumption Excel,Actual Consumption,24770
POPs,2025-06-01,Main,Consumption Excel,Service Excel,35085
POPs,2025-06-01,Main,Consumption Excel,Service AI,27140
POPs,2025-06-01,Main,Consumption Excel,Consumption Excel,29906
POPs,2025-06-01,Main,Consumption Excel,Consumption AI,27436
POPs,2025-06-01,Main,Consumption Excel,Demographic,127972
POPs,2025-06-01,Main,Consumption Excel,Consumption LMIS,NA
POPs,2024-07-01,Review,Consumption AI,Actual Consumption,34514
POPs,2024-07-01,Review,Consumption AI,Service Excel,20426
POPs,2024-07-01,Review,Consumption AI,Service AI,29906
POPs,2024-07-01,Review,Consumption AI,Consumption Excel,30028
POPs,2024-07-01,Review,Consumption AI,Consumption AI,31566
POPs,2024-07-01,Review,Consumption AI,Demographic,99819
POPs,2024-07-01,Review,Consumption AI,Consumption LMIS,NA
POPs,2024-08-01,Review,Consumption AI,Actual Consumption,31825
POPs,2024-08-01,Review,Consumption AI,Service Excel,20426
POPs,2024-08-01,Review,Consumption AI,Service AI,29906
POPs,2024-08-01,Review,Consumption AI,Consumption Excel,30028
POPs,2024-08-01,Review,Consumption AI,Consumption AI,31566
POPs,2024-08-01,Review,Consumption AI,Demographic,99819
POPs,2024-08-01,Review,Consumption AI,Consumption LMIS,NA
POPs,2024-09-01,Review,Consumption AI,Actual Consumption,26070
POPs,2024-09-01,Review,Consumption AI,Service Excel,20426
POPs,2024-09-01,Review,Consumption AI,Service AI,29906
POPs,2024-09-01,Review,Consumption AI,Consumption Excel,30028
POPs,2024-09-01,Review,Consumption AI,Consumption AI,31566
POPs,2024-09-01,Review,Consumption AI,Demographic,99819
POPs,2024-09-01,Review,Consumption AI,Consumption LMIS,NA
POPs,2024-10-01,Review,Consumption AI,Actual Consumption,30346
POPs,2024-10-01,Review,Consumption AI,Service Excel,20426
POPs,2024-10-01,Review,Consumption AI,Service AI,29906
POPs,2024-10-01,Review,Consumption AI,Consumption Excel,30028
POPs,2024-10-01,Review,Consumption AI,Consumption AI,31566
POPs,2024-10-01,Review,Consumption AI,Demographic,99819
POPs,2024-10-01,Review,Consumption AI,Consumption LMIS,NA
POPs,2024-11-01,Review,Consumption AI,Actual Consumption,24661
POPs,2024-11-01,Review,Consumption AI,Service Excel,20426
POPs,2024-11-01,Review,Consumption AI,Service AI,29906
POPs,2024-11-01,Review,Consumption AI,Consumption Excel,30028
POPs,2024-11-01,Review,Consumption AI,Consumption AI,31566
POPs,2024-11-01,Review,Consumption AI,Demographic,99819
POPs,2024-11-01,Review,Consumption AI,Consumption LMIS,NA
POPs,2024-12-01,Review,Consumption AI,Actual Consumption,22726
POPs,2024-12-01,Review,Consumption AI,Service Excel,20426
POPs,2024-12-01,Review,Consumption AI,Service AI,29906
POPs,2024-12-01,Review,Consumption AI,Consumption Excel,30028
POPs,2024-12-01,Review,Consumption AI,Consumption AI,31566
POPs,2024-12-01,Review,Consumption AI,Demographic,99819
POPs,2024-12-01,Review,Consumption AI,Consumption LMIS,NA
POPs,2025-01-01,Review,Consumption AI,Actual Consumption,25802
POPs,2025-01-01,Review,Consumption AI,Service Excel,20426
POPs,2025-01-01,Review,Consumption AI,Service AI,29906
POPs,2025-01-01,Review,Consumption AI,Consumption Excel,30028
POPs,2025-01-01,Review,Consumption AI,Consumption AI,31566
POPs,2025-01-01,Review,Consumption AI,Demographic,99819
POPs,2025-01-01,Review,Consumption AI,Consumption LMIS,NA
POPs,2025-02-01,Review,Consumption AI,Actual Consumption,23900
POPs,2025-02-01,Review,Consumption AI,Service Excel,20426
POPs,2025-02-01,Review,Consumption AI,Service AI,29906
POPs,2025-02-01,Review,Consumption AI,Consumption Excel,30028
POPs,2025-02-01,Review,Consumption AI,Consumption AI,31566
POPs,2025-02-01,Review,Consumption AI,Demographic,99819
POPs,2025-02-01,Review,Consumption AI,Consumption LMIS,NA
POPs,2025-03-01,Review,Consumption AI,Actual Consumption,22039
POPs,2025-03-01,Review,Consumption AI,Service Excel,20426
POPs,2025-03-01,Review,Consumption AI,Service AI,29906
POPs,2025-03-01,Review,Consumption AI,Consumption Excel,30028
POPs,2025-03-01,Review,Consumption AI,Consumption AI,31566
POPs,2025-03-01,Review,Consumption AI,Demographic,99819
POPs,2025-03-01,Review,Consumption AI,Consumption LMIS,NA
POPs,2025-04-01,Review,Consumption AI,Actual Consumption,24204
POPs,2025-04-01,Review,Consumption AI,Service Excel,20426
POPs,2025-04-01,Review,Consumption AI,Service AI,29906
POPs,2025-04-01,Review,Consumption AI,Consumption Excel,30028
POPs,2025-04-01,Review,Consumption AI,Consumption AI,31566
POPs,2025-04-01,Review,Consumption AI,Demographic,99819
POPs,2025-04-01,Review,Consumption AI,Consumption LMIS,NA
POPs,2025-05-01,Review,Consumption AI,Actual Consumption,27040
POPs,2025-05-01,Review,Consumption AI,Service Excel,20426
POPs,2025-05-01,Review,Consumption AI,Service AI,29906
POPs,2025-05-01,Review,Consumption AI,Consumption Excel,30028
POPs,2025-05-01,Review,Consumption AI,Consumption AI,31566
POPs,2025-05-01,Review,Consumption AI,Demographic,99819
POPs,2025-05-01,Review,Consumption AI,Consumption LMIS,NA
POPs,2025-06-01,Review,Consumption AI,Actual Consumption,24770
POPs,2025-06-01,Review,Consumption AI,Service Excel,20426
POPs,2025-06-01,Review,Consumption AI,Service AI,29906
POPs,2025-06-01,Review,Consumption AI,Consumption Excel,30028
POPs,2025-06-01,Review,Consumption AI,Consumption AI,31566
POPs,2025-06-01,Review,Consumption AI,Demographic,99819
POPs,2025-06-01,Review,Consumption AI,Consumption LMIS,NA
POPs,2025-07-01,Main,Service AI,Actual Consumption,25474
POPs,2025-07-01,Main,Service AI,Service Excel,NA
POPs,2025-07-01,Main,Service AI,Service AI,9647
POPs,2025-07-01,Main,Service AI,Consumption Excel,NA
POPs,2025-07-01,Main,Service AI,Consumption AI,27723
POPs,2025-07-01,Main,Service AI,Demographic,56288.91667
POPs,2025-07-01,Main,Service AI,Consumption LMIS,40151
POPs,2025-08-01,Main,Service AI,Actual Consumption,24241
POPs,2025-08-01,Main,Service AI,Service Excel,NA
POPs,2025-08-01,Main,Service AI,Service AI,9538
POPs,2025-08-01,Main,Service AI,Consumption Excel,NA
POPs,2025-08-01,Main,Service AI,Consumption AI,23260
POPs,2025-08-01,Main,Service AI,Demographic,56288.91667
POPs,2025-08-01,Main,Service AI,Consumption LMIS,40151
POPs,2025-09-01,Main,Service AI,Actual Consumption,24876
POPs,2025-09-01,Main,Service AI,Service Excel,NA
POPs,2025-09-01,Main,Service AI,Service AI,9815
POPs,2025-09-01,Main,Service AI,Consumption Excel,NA
POPs,2025-09-01,Main,Service AI,Consumption AI,22844
POPs,2025-09-01,Main,Service AI,Demographic,56288.91667
POPs,2025-09-01,Main,Service AI,Consumption LMIS,40151
POPs,2025-10-01,Main,Service AI,Actual Consumption,28540
POPs,2025-10-01,Main,Service AI,Service Excel,NA
POPs,2025-10-01,Main,Service AI,Service AI,9796
POPs,2025-10-01,Main,Service AI,Consumption Excel,NA
POPs,2025-10-01,Main,Service AI,Consumption AI,25518
POPs,2025-10-01,Main,Service AI,Demographic,56288.91667
POPs,2025-10-01,Main,Service AI,Consumption LMIS,40151
POPs,2025-11-01,Main,Service AI,Actual Consumption,23216
POPs,2025-11-01,Main,Service AI,Service Excel,NA
POPs,2025-11-01,Main,Service AI,Service AI,9379
POPs,2025-11-01,Main,Service AI,Consumption Excel,NA
POPs,2025-11-01,Main,Service AI,Consumption AI,23960
POPs,2025-11-01,Main,Service AI,Demographic,56288.91667
POPs,2025-11-01,Main,Service AI,Consumption LMIS,40151
POPs,2025-12-01,Main,Service AI,Actual Consumption,25592
POPs,2025-12-01,Main,Service AI,Service Excel,NA
POPs,2025-12-01,Main,Service AI,Service AI,9548
POPs,2025-12-01,Main,Service AI,Consumption Excel,NA
POPs,2025-12-01,Main,Service AI,Consumption AI,23755
POPs,2025-12-01,Main,Service AI,Demographic,56288.91667
POPs,2025-12-01,Main,Service AI,Consumption LMIS,40151
POPs,2026-01-01,Main,Service AI,Actual Consumption,25776
POPs,2026-01-01,Main,Service AI,Service Excel,NA
POPs,2026-01-01,Main,Service AI,Service AI,9488
POPs,2026-01-01,Main,Service AI,Consumption Excel,NA
POPs,2026-01-01,Main,Service AI,Consumption AI,25778
POPs,2026-01-01,Main,Service AI,Demographic,56288.91667
POPs,2026-01-01,Main,Service AI,Consumption LMIS,40151
POPs,2026-02-01,Main,Service AI,Actual Consumption,27897
POPs,2026-02-01,Main,Service AI,Service Excel,NA
POPs,2026-02-01,Main,Service AI,Service AI,9259
POPs,2026-02-01,Main,Service AI,Consumption Excel,NA
POPs,2026-02-01,Main,Service AI,Consumption AI,24135
POPs,2026-02-01,Main,Service AI,Demographic,56288.91667
POPs,2026-02-01,Main,Service AI,Consumption LMIS,40151
POPs,2026-03-01,Main,Service AI,Actual Consumption,23963
POPs,2026-03-01,Main,Service AI,Service Excel,NA
POPs,2026-03-01,Main,Service AI,Service AI,9285
POPs,2026-03-01,Main,Service AI,Consumption Excel,NA
POPs,2026-03-01,Main,Service AI,Consumption AI,22964
POPs,2026-03-01,Main,Service AI,Demographic,56288.91667
POPs,2026-03-01,Main,Service AI,Consumption LMIS,40151
POPs,2026-04-01,Main,Service AI,Actual Consumption,26307
POPs,2026-04-01,Main,Service AI,Service Excel,NA
POPs,2026-04-01,Main,Service AI,Service AI,9432
POPs,2026-04-01,Main,Service AI,Consumption Excel,NA
POPs,2026-04-01,Main,Service AI,Consumption AI,25076
POPs,2026-04-01,Main,Service AI,Demographic,56288.91667
POPs,2026-04-01,Main,Service AI,Consumption LMIS,40151
POPs,2026-05-01,Main,Service AI,Actual Consumption,24172
POPs,2026-05-01,Main,Service AI,Service Excel,NA
POPs,2026-05-01,Main,Service AI,Service AI,9354
POPs,2026-05-01,Main,Service AI,Consumption Excel,NA
POPs,2026-05-01,Main,Service AI,Consumption AI,24266
POPs,2026-05-01,Main,Service AI,Demographic,56288.91667
POPs,2026-05-01,Main,Service AI,Consumption LMIS,40151
POPs,2026-06-01,Main,Service AI,Actual Consumption,25506
POPs,2026-06-01,Main,Service AI,Service Excel,NA
POPs,2026-06-01,Main,Service AI,Service AI,9346
POPs,2026-06-01,Main,Service AI,Consumption Excel,NA
POPs,2026-06-01,Main,Service AI,Consumption AI,24191
POPs,2026-06-01,Main,Service AI,Demographic,56288.91667
POPs,2026-06-01,Main,Service AI,Consumption LMIS,40151
Jadelle,2023-07-01,Main,Consumption AI,Actual Consumption,39305
Jadelle,2023-07-01,Main,Consumption AI,Service Excel,26302
Jadelle,2023-07-01,Main,Consumption AI,Service AI,40560.479999999996
Jadelle,2023-07-01,Main,Consumption AI,Consumption Excel,28610
Jadelle,2023-07-01,Main,Consumption AI,Consumption AI,29889
Jadelle,2023-07-01,Main,Consumption AI,Demographic,39306
Jadelle,2023-07-01,Main,Consumption AI,Consumption LMIS,NA
Jadelle,2023-08-01,Main,Consumption AI,Actual Consumption,45952
Jadelle,2023-08-01,Main,Consumption AI,Service Excel,26302
Jadelle,2023-08-01,Main,Consumption AI,Service AI,41369.76
Jadelle,2023-08-01,Main,Consumption AI,Consumption Excel,28610
Jadelle,2023-08-01,Main,Consumption AI,Consumption AI,29963
Jadelle,2023-08-01,Main,Consumption AI,Demographic,39306
Jadelle,2023-08-01,Main,Consumption AI,Consumption LMIS,NA
Jadelle,2023-09-01,Main,Consumption AI,Actual Consumption,43131
Jadelle,2023-09-01,Main,Consumption AI,Service Excel,26302
Jadelle,2023-09-01,Main,Consumption AI,Service AI,42206.4
Jadelle,2023-09-01,Main,Consumption AI,Consumption Excel,28610
Jadelle,2023-09-01,Main,Consumption AI,Consumption AI,29515
Jadelle,2023-09-01,Main,Consumption AI,Demographic,39306
Jadelle,2023-09-01,Main,Consumption AI,Consumption LMIS,NA
Jadelle,2023-10-01,Main,Consumption AI,Actual Consumption,42827
Jadelle,2023-10-01,Main,Consumption AI,Service Excel,26302
Jadelle,2023-10-01,Main,Consumption AI,Service AI,43015.68
Jadelle,2023-10-01,Main,Consumption AI,Consumption Excel,28610
Jadelle,2023-10-01,Main,Consumption AI,Consumption AI,29367
Jadelle,2023-10-01,Main,Consumption AI,Demographic,39306
Jadelle,2023-10-01,Main,Consumption AI,Consumption LMIS,NA
Jadelle,2023-11-01,Main,Consumption AI,Actual Consumption,40368
Jadelle,2023-11-01,Main,Consumption AI,Service Excel,26302
Jadelle,2023-11-01,Main,Consumption AI,Service AI,43852.32
Jadelle,2023-11-01,Main,Consumption AI,Consumption Excel,28610
Jadelle,2023-11-01,Main,Consumption AI,Consumption AI,29210
Jadelle,2023-11-01,Main,Consumption AI,Demographic,39306
Jadelle,2023-11-01,Main,Consumption AI,Consumption LMIS,NA
Jadelle,2023-12-01,Main,Consumption AI,Actual Consumption,36195
Jadelle,2023-12-01,Main,Consumption AI,Service Excel,26302
Jadelle,2023-12-01,Main,Consumption AI,Service AI,44688.24
Jadelle,2023-12-01,Main,Consumption AI,Consumption Excel,28610
Jadelle,2023-12-01,Main,Consumption AI,Consumption AI,28856
Jadelle,2023-12-01,Main,Consumption AI,Demographic,39306
Jadelle,2023-12-01,Main,Consumption AI,Consumption LMIS,NA
Jadelle,2024-01-01,Main,Consumption AI,Actual Consumption,42587
Jadelle,2024-01-01,Main,Consumption AI,Service Excel,26302
Jadelle,2024-01-01,Main,Consumption AI,Service AI,45497.52
Jadelle,2024-01-01,Main,Consumption AI,Consumption Excel,28610
Jadelle,2024-01-01,Main,Consumption AI,Consumption AI,28466
Jadelle,2024-01-01,Main,Consumption AI,Demographic,39306
Jadelle,2024-01-01,Main,Consumption AI,Consumption LMIS,NA
Jadelle,2024-02-01,Main,Consumption AI,Actual Consumption,39925
Jadelle,2024-02-01,Main,Consumption AI,Service Excel,26302
Jadelle,2024-02-01,Main,Consumption AI,Service AI,46334.159999999996
Jadelle,2024-02-01,Main,Consumption AI,Consumption Excel,28610
Jadelle,2024-02-01,Main,Consumption AI,Consumption AI,28272
Jadelle,2024-02-01,Main,Consumption AI,Demographic,39306
Jadelle,2024-02-01,Main,Consumption AI,Consumption LMIS,NA
Jadelle,2024-03-01,Main,Consumption AI,Actual Consumption,36923
Jadelle,2024-03-01,Main,Consumption AI,Service Excel,26302
Jadelle,2024-03-01,Main,Consumption AI,Service AI,47143.439999999995
Jadelle,2024-03-01,Main,Consumption AI,Consumption Excel,28610
Jadelle,2024-03-01,Main,Consumption AI,Consumption AI,28136
Jadelle,2024-03-01,Main,Consumption AI,Demographic,39306
Jadelle,2024-03-01,Main,Consumption AI,Consumption LMIS,NA
Jadelle,2024-04-01,Main,Consumption AI,Actual Consumption,33995
Jadelle,2024-04-01,Main,Consumption AI,Service Excel,26302
Jadelle,2024-04-01,Main,Consumption AI,Service AI,47980.08
Jadelle,2024-04-01,Main,Consumption AI,Consumption Excel,28610
Jadelle,2024-04-01,Main,Consumption AI,Consumption AI,27804
Jadelle,2024-04-01,Main,Consumption AI,Demographic,39306
Jadelle,2024-04-01,Main,Consumption AI,Consumption LMIS,NA
Jadelle,2024-05-01,Main,Consumption AI,Actual Consumption,36880
Jadelle,2024-05-01,Main,Consumption AI,Service Excel,26302
Jadelle,2024-05-01,Main,Consumption AI,Service AI,48816.72
Jadelle,2024-05-01,Main,Consumption AI,Consumption Excel,28610
Jadelle,2024-05-01,Main,Consumption AI,Consumption AI,27496
Jadelle,2024-05-01,Main,Consumption AI,Demographic,39306
Jadelle,2024-05-01,Main,Consumption AI,Consumption LMIS,NA
Jadelle,2024-06-01,Main,Consumption AI,Actual Consumption,37214
Jadelle,2024-06-01,Main,Consumption AI,Service Excel,26302
Jadelle,2024-06-01,Main,Consumption AI,Service AI,49599.36
Jadelle,2024-06-01,Main,Consumption AI,Consumption Excel,28610
Jadelle,2024-06-01,Main,Consumption AI,Consumption AI,27232
Jadelle,2024-06-01,Main,Consumption AI,Demographic,39306
Jadelle,2024-06-01,Main,Consumption AI,Consumption LMIS,NA
Jadelle,2024-07-01,Main,Consumption AI,Actual Consumption,43185
Jadelle,2024-07-01,Main,Consumption AI,Service Excel,34392
Jadelle,2024-07-01,Main,Consumption AI,Service AI,34392
Jadelle,2024-07-01,Main,Consumption AI,Consumption Excel,37770
Jadelle,2024-07-01,Main,Consumption AI,Consumption AI,37843
Jadelle,2024-07-01,Main,Consumption AI,Demographic,46855
Jadelle,2024-07-01,Main,Consumption AI,Consumption LMIS,NA
Jadelle,2024-08-01,Main,Consumption AI,Actual Consumption,43880
Jadelle,2024-08-01,Main,Consumption AI,Service Excel,34392
Jadelle,2024-08-01,Main,Consumption AI,Service AI,34392
Jadelle,2024-08-01,Main,Consumption AI,Consumption Excel,37770
Jadelle,2024-08-01,Main,Consumption AI,Consumption AI,37843
Jadelle,2024-08-01,Main,Consumption AI,Demographic,46855
Jadelle,2024-08-01,Main,Consumption AI,Consumption LMIS,NA
Jadelle,2024-09-01,Main,Consumption AI,Actual Consumption,44338
Jadelle,2024-09-01,Main,Consumption AI,Service Excel,34392
Jadelle,2024-09-01,Main,Consumption AI,Service AI,34392
Jadelle,2024-09-01,Main,Consumption AI,Consumption Excel,37770
Jadelle,2024-09-01,Main,Consumption AI,Consumption AI,37843
Jadelle,2024-09-01,Main,Consumption AI,Demographic,46855
Jadelle,2024-09-01,Main,Consumption AI,Consumption LMIS,NA
Jadelle,2024-10-01,Main,Consumption AI,Actual Consumption,44169
Jadelle,2024-10-01,Main,Consumption AI,Service Excel,34392
Jadelle,2024-10-01,Main,Consumption AI,Service AI,34392
Jadelle,2024-10-01,Main,Consumption AI,Consumption Excel,37770
Jadelle,2024-10-01,Main,Consumption AI,Consumption AI,37843
Jadelle,2024-10-01,Main,Consumption AI,Demographic,46855
Jadelle,2024-10-01,Main,Consumption AI,Consumption LMIS,NA
Jadelle,2024-11-01,Main,Consumption AI,Actual Consumption,39655
Jadelle,2024-11-01,Main,Consumption AI,Service Excel,34392
Jadelle,2024-11-01,Main,Consumption AI,Service AI,34392
Jadelle,2024-11-01,Main,Consumption AI,Consumption Excel,37770
Jadelle,2024-11-01,Main,Consumption AI,Consumption AI,37843
Jadelle,2024-11-01,Main,Consumption AI,Demographic,46855
Jadelle,2024-11-01,Main,Consumption AI,Consumption LMIS,NA
Jadelle,2024-12-01,Main,Consumption AI,Actual Consumption,33483
Jadelle,2024-12-01,Main,Consumption AI,Service Excel,34392
Jadelle,2024-12-01,Main,Consumption AI,Service AI,34392
Jadelle,2024-12-01,Main,Consumption AI,Consumption Excel,37770
Jadelle,2024-12-01,Main,Consumption AI,Consumption AI,37843
Jadelle,2024-12-01,Main,Consumption AI,Demographic,46855
Jadelle,2024-12-01,Main,Consumption AI,Consumption LMIS,NA
Jadelle,2025-01-01,Main,Consumption AI,Actual Consumption,37641
Jadelle,2025-01-01,Main,Consumption AI,Service Excel,34392
Jadelle,2025-01-01,Main,Consumption AI,Service AI,34392
Jadelle,2025-01-01,Main,Consumption AI,Consumption Excel,37770
Jadelle,2025-01-01,Main,Consumption AI,Consumption AI,37843
Jadelle,2025-01-01,Main,Consumption AI,Demographic,46855
Jadelle,2025-01-01,Main,Consumption AI,Consumption LMIS,NA
Jadelle,2025-02-01,Main,Consumption AI,Actual Consumption,35981
Jadelle,2025-02-01,Main,Consumption AI,Service Excel,34392
Jadelle,2025-02-01,Main,Consumption AI,Service AI,34392
Jadelle,2025-02-01,Main,Consumption AI,Consumption Excel,37770
Jadelle,2025-02-01,Main,Consumption AI,Consumption AI,37843
Jadelle,2025-02-01,Main,Consumption AI,Demographic,46855
Jadelle,2025-02-01,Main,Consumption AI,Consumption LMIS,NA
Jadelle,2025-03-01,Main,Consumption AI,Actual Consumption,32192
Jadelle,2025-03-01,Main,Consumption AI,Service Excel,34392
Jadelle,2025-03-01,Main,Consumption AI,Service AI,34392
Jadelle,2025-03-01,Main,Consumption AI,Consumption Excel,37770
Jadelle,2025-03-01,Main,Consumption AI,Consumption AI,37843
Jadelle,2025-03-01,Main,Consumption AI,Demographic,46855
Jadelle,2025-03-01,Main,Consumption AI,Consumption LMIS,NA
Jadelle,2025-04-01,Main,Consumption AI,Actual Consumption,30190
Jadelle,2025-04-01,Main,Consumption AI,Service Excel,34392
Jadelle,2025-04-01,Main,Consumption AI,Service AI,34392
Jadelle,2025-04-01,Main,Consumption AI,Consumption Excel,37770
Jadelle,2025-04-01,Main,Consumption AI,Consumption AI,37843
Jadelle,2025-04-01,Main,Consumption AI,Demographic,46855
Jadelle,2025-04-01,Main,Consumption AI,Consumption LMIS,NA
Jadelle,2025-05-01,Main,Consumption AI,Actual Consumption,27142
Jadelle,2025-05-01,Main,Consumption AI,Service Excel,34392
Jadelle,2025-05-01,Main,Consumption AI,Service AI,34392
Jadelle,2025-05-01,Main,Consumption AI,Consumption Excel,37770
Jadelle,2025-05-01,Main,Consumption AI,Consumption AI,37843
Jadelle,2025-05-01,Main,Consumption AI,Demographic,46855
Jadelle,2025-05-01,Main,Consumption AI,Consumption LMIS,NA
Jadelle,2025-06-01,Main,Consumption AI,Actual Consumption,25920
Jadelle,2025-06-01,Main,Consumption AI,Service Excel,34392
Jadelle,2025-06-01,Main,Consumption AI,Service AI,34392
Jadelle,2025-06-01,Main,Consumption AI,Consumption Excel,37770
Jadelle,2025-06-01,Main,Consumption AI,Consumption AI,37843
Jadelle,2025-06-01,Main,Consumption AI,Demographic,46855
Jadelle,2025-06-01,Main,Consumption AI,Consumption LMIS,NA
Jadelle,2024-07-01,Review,Consumption AI,Actual Consumption,43185
Jadelle,2024-07-01,Review,Consumption AI,Service Excel,40475
Jadelle,2024-07-01,Review,Consumption AI,Service AI,37843
Jadelle,2024-07-01,Review,Consumption AI,Consumption Excel,39847
Jadelle,2024-07-01,Review,Consumption AI,Consumption AI,38497
Jadelle,2024-07-01,Review,Consumption AI,Demographic,11450
Jadelle,2024-07-01,Review,Consumption AI,Consumption LMIS,NA
Jadelle,2024-08-01,Review,Consumption AI,Actual Consumption,43880
Jadelle,2024-08-01,Review,Consumption AI,Service Excel,40475
Jadelle,2024-08-01,Review,Consumption AI,Service AI,37843
Jadelle,2024-08-01,Review,Consumption AI,Consumption Excel,39847
Jadelle,2024-08-01,Review,Consumption AI,Consumption AI,38497
Jadelle,2024-08-01,Review,Consumption AI,Demographic,11450
Jadelle,2024-08-01,Review,Consumption AI,Consumption LMIS,NA
Jadelle,2024-09-01,Review,Consumption AI,Actual Consumption,44338
Jadelle,2024-09-01,Review,Consumption AI,Service Excel,40475
Jadelle,2024-09-01,Review,Consumption AI,Service AI,37843
Jadelle,2024-09-01,Review,Consumption AI,Consumption Excel,39847
Jadelle,2024-09-01,Review,Consumption AI,Consumption AI,38497
Jadelle,2024-09-01,Review,Consumption AI,Demographic,11450
Jadelle,2024-09-01,Review,Consumption AI,Consumption LMIS,NA
Jadelle,2024-10-01,Review,Consumption AI,Actual Consumption,44169
Jadelle,2024-10-01,Review,Consumption AI,Service Excel,40475
Jadelle,2024-10-01,Review,Consumption AI,Service AI,37843
Jadelle,2024-10-01,Review,Consumption AI,Consumption Excel,39847
Jadelle,2024-10-01,Review,Consumption AI,Consumption AI,38497
Jadelle,2024-10-01,Review,Consumption AI,Demographic,11450
Jadelle,2024-10-01,Review,Consumption AI,Consumption LMIS,NA
Jadelle,2024-11-01,Review,Consumption AI,Actual Consumption,39655
Jadelle,2024-11-01,Review,Consumption AI,Service Excel,40475
Jadelle,2024-11-01,Review,Consumption AI,Service AI,37843
Jadelle,2024-11-01,Review,Consumption AI,Consumption Excel,39847
Jadelle,2024-11-01,Review,Consumption AI,Consumption AI,38497
Jadelle,2024-11-01,Review,Consumption AI,Demographic,11450
Jadelle,2024-11-01,Review,Consumption AI,Consumption LMIS,NA
Jadelle,2024-12-01,Review,Consumption AI,Actual Consumption,33483
Jadelle,2024-12-01,Review,Consumption AI,Service Excel,40475
Jadelle,2024-12-01,Review,Consumption AI,Service AI,37843
Jadelle,2024-12-01,Review,Consumption AI,Consumption Excel,39847
Jadelle,2024-12-01,Review,Consumption AI,Consumption AI,38497
Jadelle,2024-12-01,Review,Consumption AI,Demographic,11450
Jadelle,2024-12-01,Review,Consumption AI,Consumption LMIS,NA
Jadelle,2025-01-01,Review,Consumption AI,Actual Consumption,37641
Jadelle,2025-01-01,Review,Consumption AI,Service Excel,40475
Jadelle,2025-01-01,Review,Consumption AI,Service AI,37843
Jadelle,2025-01-01,Review,Consumption AI,Consumption Excel,39847
Jadelle,2025-01-01,Review,Consumption AI,Consumption AI,38497
Jadelle,2025-01-01,Review,Consumption AI,Demographic,11450
Jadelle,2025-01-01,Review,Consumption AI,Consumption LMIS,NA
Jadelle,2025-02-01,Review,Consumption AI,Actual Consumption,35981
Jadelle,2025-02-01,Review,Consumption AI,Service Excel,40475
Jadelle,2025-02-01,Review,Consumption AI,Service AI,37843
Jadelle,2025-02-01,Review,Consumption AI,Consumption Excel,39847
Jadelle,2025-02-01,Review,Consumption AI,Consumption AI,38497
Jadelle,2025-02-01,Review,Consumption AI,Demographic,11450
Jadelle,2025-02-01,Review,Consumption AI,Consumption LMIS,NA
Jadelle,2025-03-01,Review,Consumption AI,Actual Consumption,32192
Jadelle,2025-03-01,Review,Consumption AI,Service Excel,40475
Jadelle,2025-03-01,Review,Consumption AI,Service AI,37843
Jadelle,2025-03-01,Review,Consumption AI,Consumption Excel,39847
Jadelle,2025-03-01,Review,Consumption AI,Consumption AI,38497
Jadelle,2025-03-01,Review,Consumption AI,Demographic,11450
Jadelle,2025-03-01,Review,Consumption AI,Consumption LMIS,NA
Jadelle,2025-04-01,Review,Consumption AI,Actual Consumption,30190
Jadelle,2025-04-01,Review,Consumption AI,Service Excel,40475
Jadelle,2025-04-01,Review,Consumption AI,Service AI,37843
Jadelle,2025-04-01,Review,Consumption AI,Consumption Excel,39847
Jadelle,2025-04-01,Review,Consumption AI,Consumption AI,38497
Jadelle,2025-04-01,Review,Consumption AI,Demographic,11450
Jadelle,2025-04-01,Review,Consumption AI,Consumption LMIS,NA
Jadelle,2025-05-01,Review,Consumption AI,Actual Consumption,27142
Jadelle,2025-05-01,Review,Consumption AI,Service Excel,40475
Jadelle,2025-05-01,Review,Consumption AI,Service AI,37843
Jadelle,2025-05-01,Review,Consumption AI,Consumption Excel,39847
Jadelle,2025-05-01,Review,Consumption AI,Consumption AI,38497
Jadelle,2025-05-01,Review,Consumption AI,Demographic,11450
Jadelle,2025-05-01,Review,Consumption AI,Consumption LMIS,NA
Jadelle,2025-06-01,Review,Consumption AI,Actual Consumption,25920
Jadelle,2025-06-01,Review,Consumption AI,Service Excel,40475
Jadelle,2025-06-01,Review,Consumption AI,Service AI,37843
Jadelle,2025-06-01,Review,Consumption AI,Consumption Excel,39847
Jadelle,2025-06-01,Review,Consumption AI,Consumption AI,38497
Jadelle,2025-06-01,Review,Consumption AI,Demographic,11450
Jadelle,2025-06-01,Review,Consumption AI,Consumption LMIS,NA
Jadelle,2025-07-01,Main,Service AI,Actual Consumption,34314
Jadelle,2025-07-01,Main,Service AI,Service Excel,NA
Jadelle,2025-07-01,Main,Service AI,Service AI,40170
Jadelle,2025-07-01,Main,Service AI,Consumption Excel,NA
Jadelle,2025-07-01,Main,Service AI,Consumption AI,35846
Jadelle,2025-07-01,Main,Service AI,Demographic,17220.75
Jadelle,2025-07-01,Main,Service AI,Consumption LMIS,44598
Jadelle,2025-08-01,Main,Service AI,Actual Consumption,35441
Jadelle,2025-08-01,Main,Service AI,Service Excel,NA
Jadelle,2025-08-01,Main,Service AI,Service AI,40708
Jadelle,2025-08-01,Main,Service AI,Consumption Excel,NA
Jadelle,2025-08-01,Main,Service AI,Consumption AI,37923
Jadelle,2025-08-01,Main,Service AI,Demographic,17220.75
Jadelle,2025-08-01,Main,Service AI,Consumption LMIS,44598
Jadelle,2025-09-01,Main,Service AI,Actual Consumption,36663
Jadelle,2025-09-01,Main,Service AI,Service Excel,NA
Jadelle,2025-09-01,Main,Service AI,Service AI,40450
Jadelle,2025-09-01,Main,Service AI,Consumption Excel,NA
Jadelle,2025-09-01,Main,Service AI,Consumption AI,38056
Jadelle,2025-09-01,Main,Service AI,Demographic,17220.75
Jadelle,2025-09-01,Main,Service AI,Consumption LMIS,44598
Jadelle,2025-10-01,Main,Service AI,Actual Consumption,31987
Jadelle,2025-10-01,Main,Service AI,Service Excel,NA
Jadelle,2025-10-01,Main,Service AI,Service AI,40576
Jadelle,2025-10-01,Main,Service AI,Consumption Excel,NA
Jadelle,2025-10-01,Main,Service AI,Consumption AI,36929
Jadelle,2025-10-01,Main,Service AI,Demographic,17220.75
Jadelle,2025-10-01,Main,Service AI,Consumption LMIS,44598
Jadelle,2025-11-01,Main,Service AI,Actual Consumption,31544
Jadelle,2025-11-01,Main,Service AI,Service Excel,NA
Jadelle,2025-11-01,Main,Service AI,Service AI,39655
Jadelle,2025-11-01,Main,Service AI,Consumption Excel,NA
Jadelle,2025-11-01,Main,Service AI,Consumption AI,35332
Jadelle,2025-11-01,Main,Service AI,Demographic,17220.75
Jadelle,2025-11-01,Main,Service AI,Consumption LMIS,44598
Jadelle,2025-12-01,Main,Service AI,Actual Consumption,30668
Jadelle,2025-12-01,Main,Service AI,Service Excel,NA
Jadelle,2025-12-01,Main,Service AI,Service AI,35785
Jadelle,2025-12-01,Main,Service AI,Consumption Excel,NA
Jadelle,2025-12-01,Main,Service AI,Consumption AI,32824
Jadelle,2025-12-01,Main,Service AI,Demographic,17220.75
Jadelle,2025-12-01,Main,Service AI,Consumption LMIS,44598
Jadelle,2026-01-01,Main,Service AI,Actual Consumption,32622
Jadelle,2026-01-01,Main,Service AI,Service Excel,NA
Jadelle,2026-01-01,Main,Service AI,Service AI,39164
Jadelle,2026-01-01,Main,Service AI,Consumption Excel,NA
Jadelle,2026-01-01,Main,Service AI,Consumption AI,33630
Jadelle,2026-01-01,Main,Service AI,Demographic,17220.75
Jadelle,2026-01-01,Main,Service AI,Consumption LMIS,44598
Jadelle,2026-02-01,Main,Service AI,Actual Consumption,32981
Jadelle,2026-02-01,Main,Service AI,Service Excel,NA
Jadelle,2026-02-01,Main,Service AI,Service AI,38552
Jadelle,2026-02-01,Main,Service AI,Consumption Excel,NA
Jadelle,2026-02-01,Main,Service AI,Consumption AI,32052
Jadelle,2026-02-01,Main,Service AI,Demographic,17220.75
Jadelle,2026-02-01,Main,Service AI,Consumption LMIS,44598
Jadelle,2026-03-01,Main,Service AI,Actual Consumption,37333
Jadelle,2026-03-01,Main,Service AI,Service Excel,NA
Jadelle,2026-03-01,Main,Service AI,Service AI,38366
Jadelle,2026-03-01,Main,Service AI,Consumption Excel,NA
Jadelle,2026-03-01,Main,Service AI,Consumption AI,31603
Jadelle,2026-03-01,Main,Service AI,Demographic,17220.75
Jadelle,2026-03-01,Main,Service AI,Consumption LMIS,44598
Jadelle,2026-04-01,Main,Service AI,Actual Consumption,37324
Jadelle,2026-04-01,Main,Service AI,Service Excel,NA
Jadelle,2026-04-01,Main,Service AI,Service AI,36513
Jadelle,2026-04-01,Main,Service AI,Consumption Excel,NA
Jadelle,2026-04-01,Main,Service AI,Consumption AI,30391
Jadelle,2026-04-01,Main,Service AI,Demographic,17220.75
Jadelle,2026-04-01,Main,Service AI,Consumption LMIS,44598
Jadelle,2026-05-01,Main,Service AI,Actual Consumption,33370
Jadelle,2026-05-01,Main,Service AI,Service Excel,NA
Jadelle,2026-05-01,Main,Service AI,Service AI,36366
Jadelle,2026-05-01,Main,Service AI,Consumption Excel,NA
Jadelle,2026-05-01,Main,Service AI,Consumption AI,30235
Jadelle,2026-05-01,Main,Service AI,Demographic,17220.75
Jadelle,2026-05-01,Main,Service AI,Consumption LMIS,44598
Jadelle,2026-06-01,Main,Service AI,Actual Consumption,36653
Jadelle,2026-06-01,Main,Service AI,Service Excel,NA
Jadelle,2026-06-01,Main,Service AI,Service AI,36621
Jadelle,2026-06-01,Main,Service AI,Consumption Excel,NA
Jadelle,2026-06-01,Main,Service AI,Consumption AI,31135
Jadelle,2026-06-01,Main,Service AI,Demographic,17220.75
Jadelle,2026-06-01,Main,Service AI,Consumption LMIS,44598
Levoplant,2023-07-01,Main,Consumption AI,Actual Consumption,10493
Levoplant,2023-07-01,Main,Consumption AI,Service Excel,18927
Levoplant,2023-07-01,Main,Consumption AI,Service AI,15773.520000000002
Levoplant,2023-07-01,Main,Consumption AI,Consumption Excel,18376
Levoplant,2023-07-01,Main,Consumption AI,Consumption AI,14945
Levoplant,2023-07-01,Main,Consumption AI,Demographic,15722
Levoplant,2023-07-01,Main,Consumption AI,Consumption LMIS,NA
Levoplant,2023-08-01,Main,Consumption AI,Actual Consumption,12763
Levoplant,2023-08-01,Main,Consumption AI,Service Excel,18927
Levoplant,2023-08-01,Main,Consumption AI,Service AI,16088.240000000002
Levoplant,2023-08-01,Main,Consumption AI,Consumption Excel,18376
Levoplant,2023-08-01,Main,Consumption AI,Consumption AI,20735
Levoplant,2023-08-01,Main,Consumption AI,Demographic,15722
Levoplant,2023-08-01,Main,Consumption AI,Consumption LMIS,NA
Levoplant,2023-09-01,Main,Consumption AI,Actual Consumption,11768
Levoplant,2023-09-01,Main,Consumption AI,Service Excel,18927
Levoplant,2023-09-01,Main,Consumption AI,Service AI,16413.600000000002
Levoplant,2023-09-01,Main,Consumption AI,Consumption Excel,18376
Levoplant,2023-09-01,Main,Consumption AI,Consumption AI,18962
Levoplant,2023-09-01,Main,Consumption AI,Demographic,15722
Levoplant,2023-09-01,Main,Consumption AI,Consumption LMIS,NA
Levoplant,2023-10-01,Main,Consumption AI,Actual Consumption,12263
Levoplant,2023-10-01,Main,Consumption AI,Service Excel,18927
Levoplant,2023-10-01,Main,Consumption AI,Service AI,16728.320000000003
Levoplant,2023-10-01,Main,Consumption AI,Consumption Excel,18376
Levoplant,2023-10-01,Main,Consumption AI,Consumption AI,19803
Levoplant,2023-10-01,Main,Consumption AI,Demographic,15722
Levoplant,2023-10-01,Main,Consumption AI,Consumption LMIS,NA
Levoplant,2023-11-01,Main,Consumption AI,Actual Consumption,13288
Levoplant,2023-11-01,Main,Consumption AI,Service Excel,18927
Levoplant,2023-11-01,Main,Consumption AI,Service AI,17053.68
Levoplant,2023-11-01,Main,Consumption AI,Consumption Excel,18376
Levoplant,2023-11-01,Main,Consumption AI,Consumption AI,20797
Levoplant,2023-11-01,Main,Consumption AI,Demographic,15722
Levoplant,2023-11-01,Main,Consumption AI,Consumption LMIS,NA
Levoplant,2023-12-01,Main,Consumption AI,Actual Consumption,11512
Levoplant,2023-12-01,Main,Consumption AI,Service Excel,18927
Levoplant,2023-12-01,Main,Consumption AI,Service AI,17378.760000000002
Levoplant,2023-12-01,Main,Consumption AI,Consumption Excel,18376
Levoplant,2023-12-01,Main,Consumption AI,Consumption AI,18427
Levoplant,2023-12-01,Main,Consumption AI,Demographic,15722
Levoplant,2023-12-01,Main,Consumption AI,Consumption LMIS,NA
Levoplant,2024-01-01,Main,Consumption AI,Actual Consumption,12962
Levoplant,2024-01-01,Main,Consumption AI,Service Excel,18927
Levoplant,2024-01-01,Main,Consumption AI,Service AI,17693.480000000003
Levoplant,2024-01-01,Main,Consumption AI,Consumption Excel,18376
Levoplant,2024-01-01,Main,Consumption AI,Consumption AI,21266
Levoplant,2024-01-01,Main,Consumption AI,Demographic,15722
Levoplant,2024-01-01,Main,Consumption AI,Consumption LMIS,NA
Levoplant,2024-02-01,Main,Consumption AI,Actual Consumption,12385
Levoplant,2024-02-01,Main,Consumption AI,Service Excel,18927
Levoplant,2024-02-01,Main,Consumption AI,Service AI,18018.84
Levoplant,2024-02-01,Main,Consumption AI,Consumption Excel,18376
Levoplant,2024-02-01,Main,Consumption AI,Consumption AI,19206
Levoplant,2024-02-01,Main,Consumption AI,Demographic,15722
Levoplant,2024-02-01,Main,Consumption AI,Consumption LMIS,NA
Levoplant,2024-03-01,Main,Consumption AI,Actual Consumption,10854
Levoplant,2024-03-01,Main,Consumption AI,Service Excel,18927
Levoplant,2024-03-01,Main,Consumption AI,Service AI,18333.56
Levoplant,2024-03-01,Main,Consumption AI,Consumption Excel,18376
Levoplant,2024-03-01,Main,Consumption AI,Consumption AI,21095
Levoplant,2024-03-01,Main,Consumption AI,Demographic,15722
Levoplant,2024-03-01,Main,Consumption AI,Consumption LMIS,NA
Levoplant,2024-04-01,Main,Consumption AI,Actual Consumption,9653
Levoplant,2024-04-01,Main,Consumption AI,Service Excel,18927
Levoplant,2024-04-01,Main,Consumption AI,Service AI,18658.920000000002
Levoplant,2024-04-01,Main,Consumption AI,Consumption Excel,18376
Levoplant,2024-04-01,Main,Consumption AI,Consumption AI,13717
Levoplant,2024-04-01,Main,Consumption AI,Demographic,15722
Levoplant,2024-04-01,Main,Consumption AI,Consumption LMIS,NA
Levoplant,2024-05-01,Main,Consumption AI,Actual Consumption,8982
Levoplant,2024-05-01,Main,Consumption AI,Service Excel,18927
Levoplant,2024-05-01,Main,Consumption AI,Service AI,18984.280000000002
Levoplant,2024-05-01,Main,Consumption AI,Consumption Excel,18376
Levoplant,2024-05-01,Main,Consumption AI,Consumption AI,12509
Levoplant,2024-05-01,Main,Consumption AI,Demographic,15722
Levoplant,2024-05-01,Main,Consumption AI,Consumption LMIS,NA
Levoplant,2024-06-01,Main,Consumption AI,Actual Consumption,8970
Levoplant,2024-06-01,Main,Consumption AI,Service Excel,18927
Levoplant,2024-06-01,Main,Consumption AI,Service AI,19288.640000000003
Levoplant,2024-06-01,Main,Consumption AI,Consumption Excel,18376
Levoplant,2024-06-01,Main,Consumption AI,Consumption AI,13402
Levoplant,2024-06-01,Main,Consumption AI,Demographic,15722
Levoplant,2024-06-01,Main,Consumption AI,Consumption LMIS,NA
Levoplant,2024-07-01,Main,Consumption Excel,Actual Consumption,10623
Levoplant,2024-07-01,Main,Consumption Excel,Service Excel,12417
Levoplant,2024-07-01,Main,Consumption Excel,Service AI,0
Levoplant,2024-07-01,Main,Consumption Excel,Consumption Excel,13636
Levoplant,2024-07-01,Main,Consumption Excel,Consumption AI,13927
Levoplant,2024-07-01,Main,Consumption Excel,Demographic,18742
Levoplant,2024-07-01,Main,Consumption Excel,Consumption LMIS,NA
Levoplant,2024-08-01,Main,Consumption Excel,Actual Consumption,10111
Levoplant,2024-08-01,Main,Consumption Excel,Service Excel,12417
Levoplant,2024-08-01,Main,Consumption Excel,Service AI,0
Levoplant,2024-08-01,Main,Consumption Excel,Consumption Excel,13636
Levoplant,2024-08-01,Main,Consumption Excel,Consumption AI,13927
Levoplant,2024-08-01,Main,Consumption Excel,Demographic,18742
Levoplant,2024-08-01,Main,Consumption Excel,Consumption LMIS,NA
Levoplant,2024-09-01,Main,Consumption Excel,Actual Consumption,9763
Levoplant,2024-09-01,Main,Consumption Excel,Service Excel,12417
Levoplant,2024-09-01,Main,Consumption Excel,Service AI,0
Levoplant,2024-09-01,Main,Consumption Excel,Consumption Excel,13636
Levoplant,2024-09-01,Main,Consumption Excel,Consumption AI,13927
Levoplant,2024-09-01,Main,Consumption Excel,Demographic,18742
Levoplant,2024-09-01,Main,Consumption Excel,Consumption LMIS,NA
Levoplant,2024-10-01,Main,Consumption Excel,Actual Consumption,10689
Levoplant,2024-10-01,Main,Consumption Excel,Service Excel,12417
Levoplant,2024-10-01,Main,Consumption Excel,Service AI,0
Levoplant,2024-10-01,Main,Consumption Excel,Consumption Excel,13636
Levoplant,2024-10-01,Main,Consumption Excel,Consumption AI,13927
Levoplant,2024-10-01,Main,Consumption Excel,Demographic,18742
Levoplant,2024-10-01,Main,Consumption Excel,Consumption LMIS,NA
Levoplant,2024-11-01,Main,Consumption Excel,Actual Consumption,8736
Levoplant,2024-11-01,Main,Consumption Excel,Service Excel,12417
Levoplant,2024-11-01,Main,Consumption Excel,Service AI,0
Levoplant,2024-11-01,Main,Consumption Excel,Consumption Excel,13636
Levoplant,2024-11-01,Main,Consumption Excel,Consumption AI,13927
Levoplant,2024-11-01,Main,Consumption Excel,Demographic,18742
Levoplant,2024-11-01,Main,Consumption Excel,Consumption LMIS,NA
Levoplant,2024-12-01,Main,Consumption Excel,Actual Consumption,8383
Levoplant,2024-12-01,Main,Consumption Excel,Service Excel,12417
Levoplant,2024-12-01,Main,Consumption Excel,Service AI,0
Levoplant,2024-12-01,Main,Consumption Excel,Consumption Excel,13636
Levoplant,2024-12-01,Main,Consumption Excel,Consumption AI,13927
Levoplant,2024-12-01,Main,Consumption Excel,Demographic,18742
Levoplant,2024-12-01,Main,Consumption Excel,Consumption LMIS,NA
Levoplant,2025-01-01,Main,Consumption Excel,Actual Consumption,8938
Levoplant,2025-01-01,Main,Consumption Excel,Service Excel,12417
Levoplant,2025-01-01,Main,Consumption Excel,Service AI,0
Levoplant,2025-01-01,Main,Consumption Excel,Consumption Excel,13636
Levoplant,2025-01-01,Main,Consumption Excel,Consumption AI,13927
Levoplant,2025-01-01,Main,Consumption Excel,Demographic,18742
Levoplant,2025-01-01,Main,Consumption Excel,Consumption LMIS,NA
Levoplant,2025-02-01,Main,Consumption Excel,Actual Consumption,10548
Levoplant,2025-02-01,Main,Consumption Excel,Service Excel,12417
Levoplant,2025-02-01,Main,Consumption Excel,Service AI,0
Levoplant,2025-02-01,Main,Consumption Excel,Consumption Excel,13636
Levoplant,2025-02-01,Main,Consumption Excel,Consumption AI,13927
Levoplant,2025-02-01,Main,Consumption Excel,Demographic,18742
Levoplant,2025-02-01,Main,Consumption Excel,Consumption LMIS,NA
Levoplant,2025-03-01,Main,Consumption Excel,Actual Consumption,11694
Levoplant,2025-03-01,Main,Consumption Excel,Service Excel,12417
Levoplant,2025-03-01,Main,Consumption Excel,Service AI,0
Levoplant,2025-03-01,Main,Consumption Excel,Consumption Excel,13636
Levoplant,2025-03-01,Main,Consumption Excel,Consumption AI,13927
Levoplant,2025-03-01,Main,Consumption Excel,Demographic,18742
Levoplant,2025-03-01,Main,Consumption Excel,Consumption LMIS,NA
Levoplant,2025-04-01,Main,Consumption Excel,Actual Consumption,10986
Levoplant,2025-04-01,Main,Consumption Excel,Service Excel,12417
Levoplant,2025-04-01,Main,Consumption Excel,Service AI,0
Levoplant,2025-04-01,Main,Consumption Excel,Consumption Excel,13636
Levoplant,2025-04-01,Main,Consumption Excel,Consumption AI,13927
Levoplant,2025-04-01,Main,Consumption Excel,Demographic,18742
Levoplant,2025-04-01,Main,Consumption Excel,Consumption LMIS,NA
Levoplant,2025-05-01,Main,Consumption Excel,Actual Consumption,10319
Levoplant,2025-05-01,Main,Consumption Excel,Service Excel,12417
Levoplant,2025-05-01,Main,Consumption Excel,Service AI,0
Levoplant,2025-05-01,Main,Consumption Excel,Consumption Excel,13636
Levoplant,2025-05-01,Main,Consumption Excel,Consumption AI,13927
Levoplant,2025-05-01,Main,Consumption Excel,Demographic,18742
Levoplant,2025-05-01,Main,Consumption Excel,Consumption LMIS,NA
Levoplant,2025-06-01,Main,Consumption Excel,Actual Consumption,8940
Levoplant,2025-06-01,Main,Consumption Excel,Service Excel,12417
Levoplant,2025-06-01,Main,Consumption Excel,Service AI,0
Levoplant,2025-06-01,Main,Consumption Excel,Consumption Excel,13636
Levoplant,2025-06-01,Main,Consumption Excel,Consumption AI,13927
Levoplant,2025-06-01,Main,Consumption Excel,Demographic,18742
Levoplant,2025-06-01,Main,Consumption Excel,Consumption LMIS,NA
Levoplant,2024-07-01,Review,Consumption AI,Actual Consumption,10623
Levoplant,2024-07-01,Review,Consumption AI,Service Excel,11416
Levoplant,2024-07-01,Review,Consumption AI,Service AI,13636
Levoplant,2024-07-01,Review,Consumption AI,Consumption Excel,10952
Levoplant,2024-07-01,Review,Consumption AI,Consumption AI,13981
Levoplant,2024-07-01,Review,Consumption AI,Demographic,6962
Levoplant,2024-07-01,Review,Consumption AI,Consumption LMIS,NA
Levoplant,2024-08-01,Review,Consumption AI,Actual Consumption,10111
Levoplant,2024-08-01,Review,Consumption AI,Service Excel,11416
Levoplant,2024-08-01,Review,Consumption AI,Service AI,13636
Levoplant,2024-08-01,Review,Consumption AI,Consumption Excel,10952
Levoplant,2024-08-01,Review,Consumption AI,Consumption AI,13981
Levoplant,2024-08-01,Review,Consumption AI,Demographic,6962
Levoplant,2024-08-01,Review,Consumption AI,Consumption LMIS,NA
Levoplant,2024-09-01,Review,Consumption AI,Actual Consumption,9763
Levoplant,2024-09-01,Review,Consumption AI,Service Excel,11416
Levoplant,2024-09-01,Review,Consumption AI,Service AI,13636
Levoplant,2024-09-01,Review,Consumption AI,Consumption Excel,10952
Levoplant,2024-09-01,Review,Consumption AI,Consumption AI,13981
Levoplant,2024-09-01,Review,Consumption AI,Demographic,6962
Levoplant,2024-09-01,Review,Consumption AI,Consumption LMIS,NA
Levoplant,2024-10-01,Review,Consumption AI,Actual Consumption,10689
Levoplant,2024-10-01,Review,Consumption AI,Service Excel,11416
Levoplant,2024-10-01,Review,Consumption AI,Service AI,13636
Levoplant,2024-10-01,Review,Consumption AI,Consumption Excel,10952
Levoplant,2024-10-01,Review,Consumption AI,Consumption AI,13981
Levoplant,2024-10-01,Review,Consumption AI,Demographic,6962
Levoplant,2024-10-01,Review,Consumption AI,Consumption LMIS,NA
Levoplant,2024-11-01,Review,Consumption AI,Actual Consumption,8736
Levoplant,2024-11-01,Review,Consumption AI,Service Excel,11416
Levoplant,2024-11-01,Review,Consumption AI,Service AI,13636
Levoplant,2024-11-01,Review,Consumption AI,Consumption Excel,10952
Levoplant,2024-11-01,Review,Consumption AI,Consumption AI,13981
Levoplant,2024-11-01,Review,Consumption AI,Demographic,6962
Levoplant,2024-11-01,Review,Consumption AI,Consumption LMIS,NA
Levoplant,2024-12-01,Review,Consumption AI,Actual Consumption,8383
Levoplant,2024-12-01,Review,Consumption AI,Service Excel,11416
Levoplant,2024-12-01,Review,Consumption AI,Service AI,13636
Levoplant,2024-12-01,Review,Consumption AI,Consumption Excel,10952
Levoplant,2024-12-01,Review,Consumption AI,Consumption AI,13981
Levoplant,2024-12-01,Review,Consumption AI,Demographic,6962
Levoplant,2024-12-01,Review,Consumption AI,Consumption LMIS,NA
Levoplant,2025-01-01,Review,Consumption AI,Actual Consumption,8938
Levoplant,2025-01-01,Review,Consumption AI,Service Excel,11416
Levoplant,2025-01-01,Review,Consumption AI,Service AI,13636
Levoplant,2025-01-01,Review,Consumption AI,Consumption Excel,10952
Levoplant,2025-01-01,Review,Consumption AI,Consumption AI,13981
Levoplant,2025-01-01,Review,Consumption AI,Demographic,6962
Levoplant,2025-01-01,Review,Consumption AI,Consumption LMIS,NA
Levoplant,2025-02-01,Review,Consumption AI,Actual Consumption,10548
Levoplant,2025-02-01,Review,Consumption AI,Service Excel,11416
Levoplant,2025-02-01,Review,Consumption AI,Service AI,13636
Levoplant,2025-02-01,Review,Consumption AI,Consumption Excel,10952
Levoplant,2025-02-01,Review,Consumption AI,Consumption AI,13981
Levoplant,2025-02-01,Review,Consumption AI,Demographic,6962
Levoplant,2025-02-01,Review,Consumption AI,Consumption LMIS,NA
Levoplant,2025-03-01,Review,Consumption AI,Actual Consumption,11694
Levoplant,2025-03-01,Review,Consumption AI,Service Excel,11416
Levoplant,2025-03-01,Review,Consumption AI,Service AI,13636
Levoplant,2025-03-01,Review,Consumption AI,Consumption Excel,10952
Levoplant,2025-03-01,Review,Consumption AI,Consumption AI,13981
Levoplant,2025-03-01,Review,Consumption AI,Demographic,6962
Levoplant,2025-03-01,Review,Consumption AI,Consumption LMIS,NA
Levoplant,2025-04-01,Review,Consumption AI,Actual Consumption,10986
Levoplant,2025-04-01,Review,Consumption AI,Service Excel,11416
Levoplant,2025-04-01,Review,Consumption AI,Service AI,13636
Levoplant,2025-04-01,Review,Consumption AI,Consumption Excel,10952
Levoplant,2025-04-01,Review,Consumption AI,Consumption AI,13981
Levoplant,2025-04-01,Review,Consumption AI,Demographic,6962
Levoplant,2025-04-01,Review,Consumption AI,Consumption LMIS,NA
Levoplant,2025-05-01,Review,Consumption AI,Actual Consumption,10319
Levoplant,2025-05-01,Review,Consumption AI,Service Excel,11416
Levoplant,2025-05-01,Review,Consumption AI,Service AI,13636
Levoplant,2025-05-01,Review,Consumption AI,Consumption Excel,10952
Levoplant,2025-05-01,Review,Consumption AI,Consumption AI,13981
Levoplant,2025-05-01,Review,Consumption AI,Demographic,6962
Levoplant,2025-05-01,Review,Consumption AI,Consumption LMIS,NA
Levoplant,2025-06-01,Review,Consumption AI,Actual Consumption,8940
Levoplant,2025-06-01,Review,Consumption AI,Service Excel,11416
Levoplant,2025-06-01,Review,Consumption AI,Service AI,13636
Levoplant,2025-06-01,Review,Consumption AI,Consumption Excel,10952
Levoplant,2025-06-01,Review,Consumption AI,Consumption AI,13981
Levoplant,2025-06-01,Review,Consumption AI,Demographic,6962
Levoplant,2025-06-01,Review,Consumption AI,Consumption LMIS,NA
Levoplant,2025-07-01,Main,Consumption LMIS,Actual Consumption,6699
Levoplant,2025-07-01,Main,Consumption LMIS,Service Excel,NA
Levoplant,2025-07-01,Main,Consumption LMIS,Service AI,8913
Levoplant,2025-07-01,Main,Consumption LMIS,Consumption Excel,NA
Levoplant,2025-07-01,Main,Consumption LMIS,Consumption AI,9408
Levoplant,2025-07-01,Main,Consumption LMIS,Demographic,10470.25
Levoplant,2025-07-01,Main,Consumption LMIS,Consumption LMIS,19885
Levoplant,2025-08-01,Main,Consumption LMIS,Actual Consumption,6888
Levoplant,2025-08-01,Main,Consumption LMIS,Service Excel,NA
Levoplant,2025-08-01,Main,Consumption LMIS,Service AI,9043
Levoplant,2025-08-01,Main,Consumption LMIS,Consumption Excel,NA
Levoplant,2025-08-01,Main,Consumption LMIS,Consumption AI,9814
Levoplant,2025-08-01,Main,Consumption LMIS,Demographic,10470.25
Levoplant,2025-08-01,Main,Consumption LMIS,Consumption LMIS,19885
Levoplant,2025-09-01,Main,Consumption LMIS,Actual Consumption,7559
Levoplant,2025-09-01,Main,Consumption LMIS,Service Excel,NA
Levoplant,2025-09-01,Main,Consumption LMIS,Service AI,8885
Levoplant,2025-09-01,Main,Consumption LMIS,Consumption Excel,NA
Levoplant,2025-09-01,Main,Consumption LMIS,Consumption AI,9418
Levoplant,2025-09-01,Main,Consumption LMIS,Demographic,10470.25
Levoplant,2025-09-01,Main,Consumption LMIS,Consumption LMIS,19885
Levoplant,2025-10-01,Main,Consumption LMIS,Actual Consumption,8036
Levoplant,2025-10-01,Main,Consumption LMIS,Service Excel,NA
Levoplant,2025-10-01,Main,Consumption LMIS,Service AI,8927
Levoplant,2025-10-01,Main,Consumption LMIS,Consumption Excel,NA
Levoplant,2025-10-01,Main,Consumption LMIS,Consumption AI,8724
Levoplant,2025-10-01,Main,Consumption LMIS,Demographic,10470.25
Levoplant,2025-10-01,Main,Consumption LMIS,Consumption LMIS,19885
Levoplant,2025-11-01,Main,Consumption LMIS,Actual Consumption,7493
Levoplant,2025-11-01,Main,Consumption LMIS,Service Excel,NA
Levoplant,2025-11-01,Main,Consumption LMIS,Service AI,8789
Levoplant,2025-11-01,Main,Consumption LMIS,Consumption Excel,NA
Levoplant,2025-11-01,Main,Consumption LMIS,Consumption AI,8963
Levoplant,2025-11-01,Main,Consumption LMIS,Demographic,10470.25
Levoplant,2025-11-01,Main,Consumption LMIS,Consumption LMIS,19885
Levoplant,2025-12-01,Main,Consumption LMIS,Actual Consumption,6935
Levoplant,2025-12-01,Main,Consumption LMIS,Service Excel,NA
Levoplant,2025-12-01,Main,Consumption LMIS,Service AI,7880
Levoplant,2025-12-01,Main,Consumption LMIS,Consumption Excel,NA
Levoplant,2025-12-01,Main,Consumption LMIS,Consumption AI,8310
Levoplant,2025-12-01,Main,Consumption LMIS,Demographic,10470.25
Levoplant,2025-12-01,Main,Consumption LMIS,Consumption LMIS,19885
Levoplant,2026-01-01,Main,Consumption LMIS,Actual Consumption,6867
Levoplant,2026-01-01,Main,Consumption LMIS,Service Excel,NA
Levoplant,2026-01-01,Main,Consumption LMIS,Service AI,8640
Levoplant,2026-01-01,Main,Consumption LMIS,Consumption Excel,NA
Levoplant,2026-01-01,Main,Consumption LMIS,Consumption AI,10876
Levoplant,2026-01-01,Main,Consumption LMIS,Demographic,10470.25
Levoplant,2026-01-01,Main,Consumption LMIS,Consumption LMIS,19885
Levoplant,2026-02-01,Main,Consumption LMIS,Actual Consumption,6990
Levoplant,2026-02-01,Main,Consumption LMIS,Service Excel,NA
Levoplant,2026-02-01,Main,Consumption LMIS,Service AI,8470
Levoplant,2026-02-01,Main,Consumption LMIS,Consumption Excel,NA
Levoplant,2026-02-01,Main,Consumption LMIS,Consumption AI,10789
Levoplant,2026-02-01,Main,Consumption LMIS,Demographic,10470.25
Levoplant,2026-02-01,Main,Consumption LMIS,Consumption LMIS,19885
Levoplant,2026-03-01,Main,Consumption LMIS,Actual Consumption,9306
Levoplant,2026-03-01,Main,Consumption LMIS,Service Excel,NA
Levoplant,2026-03-01,Main,Consumption LMIS,Service AI,8457
Levoplant,2026-03-01,Main,Consumption LMIS,Consumption Excel,NA
Levoplant,2026-03-01,Main,Consumption LMIS,Consumption AI,11154
Levoplant,2026-03-01,Main,Consumption LMIS,Demographic,10470.25
Levoplant,2026-03-01,Main,Consumption LMIS,Consumption LMIS,19885
Levoplant,2026-04-01,Main,Consumption LMIS,Actual Consumption,10274
Levoplant,2026-04-01,Main,Consumption LMIS,Service Excel,NA
Levoplant,2026-04-01,Main,Consumption LMIS,Service AI,8075
Levoplant,2026-04-01,Main,Consumption LMIS,Consumption Excel,NA
Levoplant,2026-04-01,Main,Consumption LMIS,Consumption AI,8724
Levoplant,2026-04-01,Main,Consumption LMIS,Demographic,10470.25
Levoplant,2026-04-01,Main,Consumption LMIS,Consumption LMIS,19885
Levoplant,2026-05-01,Main,Consumption LMIS,Actual Consumption,9956
Levoplant,2026-05-01,Main,Consumption LMIS,Service Excel,NA
Levoplant,2026-05-01,Main,Consumption LMIS,Service AI,8040
Levoplant,2026-05-01,Main,Consumption LMIS,Consumption Excel,NA
Levoplant,2026-05-01,Main,Consumption LMIS,Consumption AI,9947
Levoplant,2026-05-01,Main,Consumption LMIS,Demographic,10470.25
Levoplant,2026-05-01,Main,Consumption LMIS,Consumption LMIS,19885
Levoplant,2026-06-01,Main,Consumption LMIS,Actual Consumption,11717
Levoplant,2026-06-01,Main,Consumption LMIS,Service Excel,NA
Levoplant,2026-06-01,Main,Consumption LMIS,Service AI,7988
Levoplant,2026-06-01,Main,Consumption LMIS,Consumption Excel,NA
Levoplant,2026-06-01,Main,Consumption LMIS,Consumption AI,8892
Levoplant,2026-06-01,Main,Consumption LMIS,Demographic,10470.25
Levoplant,2026-06-01,Main,Consumption LMIS,Consumption LMIS,19885
Cycle Beads,2023-07-01,Main,Demographic,Actual Consumption,1280
Cycle Beads,2023-07-01,Main,Demographic,Service Excel,NA
Cycle Beads,2023-07-01,Main,Demographic,Service AI,341
Cycle Beads,2023-07-01,Main,Demographic,Consumption Excel,648
Cycle Beads,2023-07-01,Main,Demographic,Consumption AI,277
Cycle Beads,2023-07-01,Main,Demographic,Demographic,3226
Cycle Beads,2023-07-01,Main,Demographic,Consumption LMIS,NA
Cycle Beads,2023-08-01,Main,Demographic,Actual Consumption,128
Cycle Beads,2023-08-01,Main,Demographic,Service Excel,NA
Cycle Beads,2023-08-01,Main,Demographic,Service AI,227
Cycle Beads,2023-08-01,Main,Demographic,Consumption Excel,648
Cycle Beads,2023-08-01,Main,Demographic,Consumption AI,280
Cycle Beads,2023-08-01,Main,Demographic,Demographic,3226
Cycle Beads,2023-08-01,Main,Demographic,Consumption LMIS,NA
Cycle Beads,2023-09-01,Main,Demographic,Actual Consumption,118
Cycle Beads,2023-09-01,Main,Demographic,Service Excel,NA
Cycle Beads,2023-09-01,Main,Demographic,Service AI,363
Cycle Beads,2023-09-01,Main,Demographic,Consumption Excel,648
Cycle Beads,2023-09-01,Main,Demographic,Consumption AI,266
Cycle Beads,2023-09-01,Main,Demographic,Demographic,3226
Cycle Beads,2023-09-01,Main,Demographic,Consumption LMIS,NA
Cycle Beads,2023-10-01,Main,Demographic,Actual Consumption,1573
Cycle Beads,2023-10-01,Main,Demographic,Service Excel,NA
Cycle Beads,2023-10-01,Main,Demographic,Service AI,101
Cycle Beads,2023-10-01,Main,Demographic,Consumption Excel,648
Cycle Beads,2023-10-01,Main,Demographic,Consumption AI,273
Cycle Beads,2023-10-01,Main,Demographic,Demographic,3226
Cycle Beads,2023-10-01,Main,Demographic,Consumption LMIS,NA
Cycle Beads,2023-11-01,Main,Demographic,Actual Consumption,134
Cycle Beads,2023-11-01,Main,Demographic,Service Excel,NA
Cycle Beads,2023-11-01,Main,Demographic,Service AI,673
Cycle Beads,2023-11-01,Main,Demographic,Consumption Excel,648
Cycle Beads,2023-11-01,Main,Demographic,Consumption AI,274
Cycle Beads,2023-11-01,Main,Demographic,Demographic,3226
Cycle Beads,2023-11-01,Main,Demographic,Consumption LMIS,NA
Cycle Beads,2023-12-01,Main,Demographic,Actual Consumption,1001
Cycle Beads,2023-12-01,Main,Demographic,Service Excel,NA
Cycle Beads,2023-12-01,Main,Demographic,Service AI,243
Cycle Beads,2023-12-01,Main,Demographic,Consumption Excel,648
Cycle Beads,2023-12-01,Main,Demographic,Consumption AI,272
Cycle Beads,2023-12-01,Main,Demographic,Demographic,3226
Cycle Beads,2023-12-01,Main,Demographic,Consumption LMIS,NA
Cycle Beads,2024-01-01,Main,Demographic,Actual Consumption,163
Cycle Beads,2024-01-01,Main,Demographic,Service Excel,NA
Cycle Beads,2024-01-01,Main,Demographic,Service AI,203
Cycle Beads,2024-01-01,Main,Demographic,Consumption Excel,648
Cycle Beads,2024-01-01,Main,Demographic,Consumption AI,280
Cycle Beads,2024-01-01,Main,Demographic,Demographic,3226
Cycle Beads,2024-01-01,Main,Demographic,Consumption LMIS,NA
Cycle Beads,2024-02-01,Main,Demographic,Actual Consumption,104
Cycle Beads,2024-02-01,Main,Demographic,Service Excel,NA
Cycle Beads,2024-02-01,Main,Demographic,Service AI,246
Cycle Beads,2024-02-01,Main,Demographic,Consumption Excel,648
Cycle Beads,2024-02-01,Main,Demographic,Consumption AI,274
Cycle Beads,2024-02-01,Main,Demographic,Demographic,3226
Cycle Beads,2024-02-01,Main,Demographic,Consumption LMIS,NA
Cycle Beads,2024-03-01,Main,Demographic,Actual Consumption,144
Cycle Beads,2024-03-01,Main,Demographic,Service Excel,NA
Cycle Beads,2024-03-01,Main,Demographic,Service AI,261
Cycle Beads,2024-03-01,Main,Demographic,Consumption Excel,648
Cycle Beads,2024-03-01,Main,Demographic,Consumption AI,277
Cycle Beads,2024-03-01,Main,Demographic,Demographic,3226
Cycle Beads,2024-03-01,Main,Demographic,Consumption LMIS,NA
Cycle Beads,2024-04-01,Main,Demographic,Actual Consumption,105
Cycle Beads,2024-04-01,Main,Demographic,Service Excel,NA
Cycle Beads,2024-04-01,Main,Demographic,Service AI,430
Cycle Beads,2024-04-01,Main,Demographic,Consumption Excel,648
Cycle Beads,2024-04-01,Main,Demographic,Consumption AI,275
Cycle Beads,2024-04-01,Main,Demographic,Demographic,3226
Cycle Beads,2024-04-01,Main,Demographic,Consumption LMIS,NA
Cycle Beads,2024-05-01,Main,Demographic,Actual Consumption,105
Cycle Beads,2024-05-01,Main,Demographic,Service Excel,NA
Cycle Beads,2024-05-01,Main,Demographic,Service AI,188
Cycle Beads,2024-05-01,Main,Demographic,Consumption Excel,648
Cycle Beads,2024-05-01,Main,Demographic,Consumption AI,274
Cycle Beads,2024-05-01,Main,Demographic,Demographic,3226
Cycle Beads,2024-05-01,Main,Demographic,Consumption LMIS,NA
Cycle Beads,2024-06-01,Main,Demographic,Actual Consumption,86
Cycle Beads,2024-06-01,Main,Demographic,Service Excel,NA
Cycle Beads,2024-06-01,Main,Demographic,Service AI,270
Cycle Beads,2024-06-01,Main,Demographic,Consumption Excel,648
Cycle Beads,2024-06-01,Main,Demographic,Consumption AI,265
Cycle Beads,2024-06-01,Main,Demographic,Demographic,3226
Cycle Beads,2024-06-01,Main,Demographic,Consumption LMIS,NA
Cycle Beads,2024-07-01,Main,Demographic,Actual Consumption,69
Cycle Beads,2024-07-01,Main,Demographic,Service Excel,199
Cycle Beads,2024-07-01,Main,Demographic,Service AI,291
Cycle Beads,2024-07-01,Main,Demographic,Consumption Excel,190
Cycle Beads,2024-07-01,Main,Demographic,Consumption AI,732
Cycle Beads,2024-07-01,Main,Demographic,Demographic,2174
Cycle Beads,2024-07-01,Main,Demographic,Consumption LMIS,NA
Cycle Beads,2024-08-01,Main,Demographic,Actual Consumption,124
Cycle Beads,2024-08-01,Main,Demographic,Service Excel,199
Cycle Beads,2024-08-01,Main,Demographic,Service AI,291
Cycle Beads,2024-08-01,Main,Demographic,Consumption Excel,190
Cycle Beads,2024-08-01,Main,Demographic,Consumption AI,732
Cycle Beads,2024-08-01,Main,Demographic,Demographic,2174
Cycle Beads,2024-08-01,Main,Demographic,Consumption LMIS,NA
Cycle Beads,2024-09-01,Main,Demographic,Actual Consumption,55
Cycle Beads,2024-09-01,Main,Demographic,Service Excel,199
Cycle Beads,2024-09-01,Main,Demographic,Service AI,291
Cycle Beads,2024-09-01,Main,Demographic,Consumption Excel,190
Cycle Beads,2024-09-01,Main,Demographic,Consumption AI,732
Cycle Beads,2024-09-01,Main,Demographic,Demographic,2174
Cycle Beads,2024-09-01,Main,Demographic,Consumption LMIS,NA
Cycle Beads,2024-10-01,Main,Demographic,Actual Consumption,105
Cycle Beads,2024-10-01,Main,Demographic,Service Excel,199
Cycle Beads,2024-10-01,Main,Demographic,Service AI,291
Cycle Beads,2024-10-01,Main,Demographic,Consumption Excel,190
Cycle Beads,2024-10-01,Main,Demographic,Consumption AI,732
Cycle Beads,2024-10-01,Main,Demographic,Demographic,2174
Cycle Beads,2024-10-01,Main,Demographic,Consumption LMIS,NA
Cycle Beads,2024-11-01,Main,Demographic,Actual Consumption,52
Cycle Beads,2024-11-01,Main,Demographic,Service Excel,199
Cycle Beads,2024-11-01,Main,Demographic,Service AI,291
Cycle Beads,2024-11-01,Main,Demographic,Consumption Excel,190
Cycle Beads,2024-11-01,Main,Demographic,Consumption AI,732
Cycle Beads,2024-11-01,Main,Demographic,Demographic,2174
Cycle Beads,2024-11-01,Main,Demographic,Consumption LMIS,NA
Cycle Beads,2024-12-01,Main,Demographic,Actual Consumption,102
Cycle Beads,2024-12-01,Main,Demographic,Service Excel,199
Cycle Beads,2024-12-01,Main,Demographic,Service AI,291
Cycle Beads,2024-12-01,Main,Demographic,Consumption Excel,190
Cycle Beads,2024-12-01,Main,Demographic,Consumption AI,732
Cycle Beads,2024-12-01,Main,Demographic,Demographic,2174
Cycle Beads,2024-12-01,Main,Demographic,Consumption LMIS,NA
Cycle Beads,2025-01-01,Main,Demographic,Actual Consumption,76
Cycle Beads,2025-01-01,Main,Demographic,Service Excel,199
Cycle Beads,2025-01-01,Main,Demographic,Service AI,291
Cycle Beads,2025-01-01,Main,Demographic,Consumption Excel,190
Cycle Beads,2025-01-01,Main,Demographic,Consumption AI,732
Cycle Beads,2025-01-01,Main,Demographic,Demographic,2174
Cycle Beads,2025-01-01,Main,Demographic,Consumption LMIS,NA
Cycle Beads,2025-02-01,Main,Demographic,Actual Consumption,114
Cycle Beads,2025-02-01,Main,Demographic,Service Excel,199
Cycle Beads,2025-02-01,Main,Demographic,Service AI,291
Cycle Beads,2025-02-01,Main,Demographic,Consumption Excel,190
Cycle Beads,2025-02-01,Main,Demographic,Consumption AI,732
Cycle Beads,2025-02-01,Main,Demographic,Demographic,2174
Cycle Beads,2025-02-01,Main,Demographic,Consumption LMIS,NA
Cycle Beads,2025-03-01,Main,Demographic,Actual Consumption,39
Cycle Beads,2025-03-01,Main,Demographic,Service Excel,199
Cycle Beads,2025-03-01,Main,Demographic,Service AI,291
Cycle Beads,2025-03-01,Main,Demographic,Consumption Excel,190
Cycle Beads,2025-03-01,Main,Demographic,Consumption AI,732
Cycle Beads,2025-03-01,Main,Demographic,Demographic,2174
Cycle Beads,2025-03-01,Main,Demographic,Consumption LMIS,NA
Cycle Beads,2025-04-01,Main,Demographic,Actual Consumption,79
Cycle Beads,2025-04-01,Main,Demographic,Service Excel,199
Cycle Beads,2025-04-01,Main,Demographic,Service AI,291
Cycle Beads,2025-04-01,Main,Demographic,Consumption Excel,190
Cycle Beads,2025-04-01,Main,Demographic,Consumption AI,732
Cycle Beads,2025-04-01,Main,Demographic,Demographic,2174
Cycle Beads,2025-04-01,Main,Demographic,Consumption LMIS,NA
Cycle Beads,2025-05-01,Main,Demographic,Actual Consumption,69
Cycle Beads,2025-05-01,Main,Demographic,Service Excel,199
Cycle Beads,2025-05-01,Main,Demographic,Service AI,291
Cycle Beads,2025-05-01,Main,Demographic,Consumption Excel,190
Cycle Beads,2025-05-01,Main,Demographic,Consumption AI,732
Cycle Beads,2025-05-01,Main,Demographic,Demographic,2174
Cycle Beads,2025-05-01,Main,Demographic,Consumption LMIS,NA
Cycle Beads,2025-06-01,Main,Demographic,Actual Consumption,109
Cycle Beads,2025-06-01,Main,Demographic,Service Excel,199
Cycle Beads,2025-06-01,Main,Demographic,Service AI,291
Cycle Beads,2025-06-01,Main,Demographic,Consumption Excel,190
Cycle Beads,2025-06-01,Main,Demographic,Consumption AI,732
Cycle Beads,2025-06-01,Main,Demographic,Demographic,2174
Cycle Beads,2025-06-01,Main,Demographic,Consumption LMIS,NA
Cycle Beads,2024-07-01,Review,Demographic,Actual Consumption,69
Cycle Beads,2024-07-01,Review,Demographic,Service Excel,NA
Cycle Beads,2024-07-01,Review,Demographic,Service AI,2174
Cycle Beads,2024-07-01,Review,Demographic,Consumption Excel,225
Cycle Beads,2024-07-01,Review,Demographic,Consumption AI,255
Cycle Beads,2024-07-01,Review,Demographic,Demographic,2141
Cycle Beads,2024-07-01,Review,Demographic,Consumption LMIS,NA
Cycle Beads,2024-08-01,Review,Demographic,Actual Consumption,124
Cycle Beads,2024-08-01,Review,Demographic,Service Excel,NA
Cycle Beads,2024-08-01,Review,Demographic,Service AI,2174
Cycle Beads,2024-08-01,Review,Demographic,Consumption Excel,225
Cycle Beads,2024-08-01,Review,Demographic,Consumption AI,255
Cycle Beads,2024-08-01,Review,Demographic,Demographic,2141
Cycle Beads,2024-08-01,Review,Demographic,Consumption LMIS,NA
Cycle Beads,2024-09-01,Review,Demographic,Actual Consumption,55
Cycle Beads,2024-09-01,Review,Demographic,Service Excel,NA
Cycle Beads,2024-09-01,Review,Demographic,Service AI,2174
Cycle Beads,2024-09-01,Review,Demographic,Consumption Excel,225
Cycle Beads,2024-09-01,Review,Demographic,Consumption AI,255
Cycle Beads,2024-09-01,Review,Demographic,Demographic,2141
Cycle Beads,2024-09-01,Review,Demographic,Consumption LMIS,NA
Cycle Beads,2024-10-01,Review,Demographic,Actual Consumption,105
Cycle Beads,2024-10-01,Review,Demographic,Service Excel,NA
Cycle Beads,2024-10-01,Review,Demographic,Service AI,2174
Cycle Beads,2024-10-01,Review,Demographic,Consumption Excel,225
Cycle Beads,2024-10-01,Review,Demographic,Consumption AI,255
Cycle Beads,2024-10-01,Review,Demographic,Demographic,2141
Cycle Beads,2024-10-01,Review,Demographic,Consumption LMIS,NA
Cycle Beads,2024-11-01,Review,Demographic,Actual Consumption,52
Cycle Beads,2024-11-01,Review,Demographic,Service Excel,NA
Cycle Beads,2024-11-01,Review,Demographic,Service AI,2174
Cycle Beads,2024-11-01,Review,Demographic,Consumption Excel,225
Cycle Beads,2024-11-01,Review,Demographic,Consumption AI,255
Cycle Beads,2024-11-01,Review,Demographic,Demographic,2141
Cycle Beads,2024-11-01,Review,Demographic,Consumption LMIS,NA
Cycle Beads,2024-12-01,Review,Demographic,Actual Consumption,102
Cycle Beads,2024-12-01,Review,Demographic,Service Excel,NA
Cycle Beads,2024-12-01,Review,Demographic,Service AI,2174
Cycle Beads,2024-12-01,Review,Demographic,Consumption Excel,225
Cycle Beads,2024-12-01,Review,Demographic,Consumption AI,255
Cycle Beads,2024-12-01,Review,Demographic,Demographic,2141
Cycle Beads,2024-12-01,Review,Demographic,Consumption LMIS,NA
Cycle Beads,2025-01-01,Review,Demographic,Actual Consumption,76
Cycle Beads,2025-01-01,Review,Demographic,Service Excel,NA
Cycle Beads,2025-01-01,Review,Demographic,Service AI,2174
Cycle Beads,2025-01-01,Review,Demographic,Consumption Excel,225
Cycle Beads,2025-01-01,Review,Demographic,Consumption AI,255
Cycle Beads,2025-01-01,Review,Demographic,Demographic,2141
Cycle Beads,2025-01-01,Review,Demographic,Consumption LMIS,NA
Cycle Beads,2025-02-01,Review,Demographic,Actual Consumption,114
Cycle Beads,2025-02-01,Review,Demographic,Service Excel,NA
Cycle Beads,2025-02-01,Review,Demographic,Service AI,2174
Cycle Beads,2025-02-01,Review,Demographic,Consumption Excel,225
Cycle Beads,2025-02-01,Review,Demographic,Consumption AI,255
Cycle Beads,2025-02-01,Review,Demographic,Demographic,2141
Cycle Beads,2025-02-01,Review,Demographic,Consumption LMIS,NA
Cycle Beads,2025-03-01,Review,Demographic,Actual Consumption,39
Cycle Beads,2025-03-01,Review,Demographic,Service Excel,NA
Cycle Beads,2025-03-01,Review,Demographic,Service AI,2174
Cycle Beads,2025-03-01,Review,Demographic,Consumption Excel,225
Cycle Beads,2025-03-01,Review,Demographic,Consumption AI,255
Cycle Beads,2025-03-01,Review,Demographic,Demographic,2141
Cycle Beads,2025-03-01,Review,Demographic,Consumption LMIS,NA
Cycle Beads,2025-04-01,Review,Demographic,Actual Consumption,79
Cycle Beads,2025-04-01,Review,Demographic,Service Excel,NA
Cycle Beads,2025-04-01,Review,Demographic,Service AI,2174
Cycle Beads,2025-04-01,Review,Demographic,Consumption Excel,225
Cycle Beads,2025-04-01,Review,Demographic,Consumption AI,255
Cycle Beads,2025-04-01,Review,Demographic,Demographic,2141
Cycle Beads,2025-04-01,Review,Demographic,Consumption LMIS,NA
Cycle Beads,2025-05-01,Review,Demographic,Actual Consumption,69
Cycle Beads,2025-05-01,Review,Demographic,Service Excel,NA
Cycle Beads,2025-05-01,Review,Demographic,Service AI,2174
Cycle Beads,2025-05-01,Review,Demographic,Consumption Excel,225
Cycle Beads,2025-05-01,Review,Demographic,Consumption AI,255
Cycle Beads,2025-05-01,Review,Demographic,Demographic,2141
Cycle Beads,2025-05-01,Review,Demographic,Consumption LMIS,NA
Cycle Beads,2025-06-01,Review,Demographic,Actual Consumption,109
Cycle Beads,2025-06-01,Review,Demographic,Service Excel,NA
Cycle Beads,2025-06-01,Review,Demographic,Service AI,2174
Cycle Beads,2025-06-01,Review,Demographic,Consumption Excel,225
Cycle Beads,2025-06-01,Review,Demographic,Consumption AI,255
Cycle Beads,2025-06-01,Review,Demographic,Demographic,2141
Cycle Beads,2025-06-01,Review,Demographic,Consumption LMIS,NA
Cycle Beads,2025-07-01,Main,Demographic,Actual Consumption,34
Cycle Beads,2025-07-01,Main,Demographic,Service Excel,NA
Cycle Beads,2025-07-01,Main,Demographic,Service AI,102
Cycle Beads,2025-07-01,Main,Demographic,Consumption Excel,NA
Cycle Beads,2025-07-01,Main,Demographic,Consumption AI,87
Cycle Beads,2025-07-01,Main,Demographic,Demographic,3733.666667
Cycle Beads,2025-07-01,Main,Demographic,Consumption LMIS,13729
Cycle Beads,2025-08-01,Main,Demographic,Actual Consumption,38
Cycle Beads,2025-08-01,Main,Demographic,Service Excel,NA
Cycle Beads,2025-08-01,Main,Demographic,Service AI,70
Cycle Beads,2025-08-01,Main,Demographic,Consumption Excel,NA
Cycle Beads,2025-08-01,Main,Demographic,Consumption AI,110
Cycle Beads,2025-08-01,Main,Demographic,Demographic,3733.666667
Cycle Beads,2025-08-01,Main,Demographic,Consumption LMIS,13729
Cycle Beads,2025-09-01,Main,Demographic,Actual Consumption,29
Cycle Beads,2025-09-01,Main,Demographic,Service Excel,NA
Cycle Beads,2025-09-01,Main,Demographic,Service AI,73
Cycle Beads,2025-09-01,Main,Demographic,Consumption Excel,NA
Cycle Beads,2025-09-01,Main,Demographic,Consumption AI,61
Cycle Beads,2025-09-01,Main,Demographic,Demographic,3733.666667
Cycle Beads,2025-09-01,Main,Demographic,Consumption LMIS,13729
Cycle Beads,2025-10-01,Main,Demographic,Actual Consumption,38
Cycle Beads,2025-10-01,Main,Demographic,Service Excel,NA
Cycle Beads,2025-10-01,Main,Demographic,Service AI,111
Cycle Beads,2025-10-01,Main,Demographic,Consumption Excel,NA
Cycle Beads,2025-10-01,Main,Demographic,Consumption AI,86
Cycle Beads,2025-10-01,Main,Demographic,Demographic,3733.666667
Cycle Beads,2025-10-01,Main,Demographic,Consumption LMIS,13729
Cycle Beads,2025-11-01,Main,Demographic,Actual Consumption,98
Cycle Beads,2025-11-01,Main,Demographic,Service Excel,NA
Cycle Beads,2025-11-01,Main,Demographic,Service AI,74
Cycle Beads,2025-11-01,Main,Demographic,Consumption Excel,NA
Cycle Beads,2025-11-01,Main,Demographic,Consumption AI,62
Cycle Beads,2025-11-01,Main,Demographic,Demographic,3733.666667
Cycle Beads,2025-11-01,Main,Demographic,Consumption LMIS,13729
Cycle Beads,2025-12-01,Main,Demographic,Actual Consumption,184
Cycle Beads,2025-12-01,Main,Demographic,Service Excel,NA
Cycle Beads,2025-12-01,Main,Demographic,Service AI,80
Cycle Beads,2025-12-01,Main,Demographic,Consumption Excel,NA
Cycle Beads,2025-12-01,Main,Demographic,Consumption AI,91
Cycle Beads,2025-12-01,Main,Demographic,Demographic,3733.666667
Cycle Beads,2025-12-01,Main,Demographic,Consumption LMIS,13729
Cycle Beads,2026-01-01,Main,Demographic,Actual Consumption,233
Cycle Beads,2026-01-01,Main,Demographic,Service Excel,NA
Cycle Beads,2026-01-01,Main,Demographic,Service AI,136
Cycle Beads,2026-01-01,Main,Demographic,Consumption Excel,NA
Cycle Beads,2026-01-01,Main,Demographic,Consumption AI,70
Cycle Beads,2026-01-01,Main,Demographic,Demographic,3733.666667
Cycle Beads,2026-01-01,Main,Demographic,Consumption LMIS,13729
Cycle Beads,2026-02-01,Main,Demographic,Actual Consumption,431
Cycle Beads,2026-02-01,Main,Demographic,Service Excel,NA
Cycle Beads,2026-02-01,Main,Demographic,Service AI,50
Cycle Beads,2026-02-01,Main,Demographic,Consumption Excel,NA
Cycle Beads,2026-02-01,Main,Demographic,Consumption AI,104
Cycle Beads,2026-02-01,Main,Demographic,Demographic,3733.666667
Cycle Beads,2026-02-01,Main,Demographic,Consumption LMIS,13729
Cycle Beads,2026-03-01,Main,Demographic,Actual Consumption,90
Cycle Beads,2026-03-01,Main,Demographic,Service Excel,NA
Cycle Beads,2026-03-01,Main,Demographic,Service AI,49
Cycle Beads,2026-03-01,Main,Demographic,Consumption Excel,NA
Cycle Beads,2026-03-01,Main,Demographic,Consumption AI,64
Cycle Beads,2026-03-01,Main,Demographic,Demographic,3733.666667
Cycle Beads,2026-03-01,Main,Demographic,Consumption LMIS,13729
Cycle Beads,2026-04-01,Main,Demographic,Actual Consumption,30
Cycle Beads,2026-04-01,Main,Demographic,Service Excel,NA
Cycle Beads,2026-04-01,Main,Demographic,Service AI,99
Cycle Beads,2026-04-01,Main,Demographic,Consumption Excel,NA
Cycle Beads,2026-04-01,Main,Demographic,Consumption AI,84
Cycle Beads,2026-04-01,Main,Demographic,Demographic,3733.666667
Cycle Beads,2026-04-01,Main,Demographic,Consumption LMIS,13729
Cycle Beads,2026-05-01,Main,Demographic,Actual Consumption,266
Cycle Beads,2026-05-01,Main,Demographic,Service Excel,NA
Cycle Beads,2026-05-01,Main,Demographic,Service AI,57
Cycle Beads,2026-05-01,Main,Demographic,Consumption Excel,NA
Cycle Beads,2026-05-01,Main,Demographic,Consumption AI,72
Cycle Beads,2026-05-01,Main,Demographic,Demographic,3733.666667
Cycle Beads,2026-05-01,Main,Demographic,Consumption LMIS,13729
Cycle Beads,2026-06-01,Main,Demographic,Actual Consumption,72
Cycle Beads,2026-06-01,Main,Demographic,Service Excel,NA
Cycle Beads,2026-06-01,Main,Demographic,Service AI,93
Cycle Beads,2026-06-01,Main,Demographic,Consumption Excel,NA
Cycle Beads,2026-06-01,Main,Demographic,Consumption AI,103
Cycle Beads,2026-06-01,Main,Demographic,Demographic,3733.666667
Cycle Beads,2026-06-01,Main,Demographic,Consumption LMIS,13729
